00:00.0,0.624288
00:00.0,0.625715
00:00.0,0.533478
00:00.0,0.564366
00:00.0,0.601382
00:00.0,0.555742
00:00.0,0.547001
00:00.0,0.591557
00:00.0,0.566791
00:00.0,0.550303
00:00.0,0.568344
00:00.0,0.56853
00:00.0,0.552952
00:00.0,0.563312
00:00.0,0.563641
00:00.0,0.550821
00:00.0,0.548062
00:00.0,0.562419
00:00.0,0.559997
00:00.0,0.554405
00:00.0,0.552294
00:00.0,0.552647
00:00.0,0.555026
00:00.0,0.55422
00:00.0,0.553459
00:00.0,0.551006
00:00.0,0.556678
00:00.0,0.56199
00:00.0,0.556137
00:00.0,0.546561
00:00.0,0.548169
00:00.0,0.561699
00:00.0,0.549656
00:00.0,0.545665
00:00.0,0.545889
00:00.0,0.552039
00:00.0,0.545127
00:00.0,0.547496
00:00.0,0.543863
00:00.0,0.539098
00:00.1,0.544496
00:00.1,0.543904
00:00.1,0.545273
00:00.1,0.54074
00:00.1,0.53754
00:00.1,0.54614
00:00.1,0.554865
00:00.1,0.541733
00:00.1,0.539106
00:00.1,0.53812
00:00.1,0.541989
00:00.1,0.544563
00:00.1,0.538477
00:00.1,0.541527
00:00.1,0.540624
00:00.1,0.534338
00:00.1,0.533028
00:00.1,0.530484
00:00.1,0.53296
00:00.1,0.533986
00:00.1,0.528352
00:00.1,0.525911
00:00.1,0.525024
00:00.1,0.534452
00:00.1,0.538798
00:00.1,0.534883
00:00.1,0.528372
00:00.1,0.530473
00:00.1,0.538457
00:00.1,0.533155
00:00.1,0.534177
00:00.1,0.531043
00:00.1,0.536879
00:00.1,0.528085
00:00.1,0.525785
00:00.1,0.52316
00:00.1,0.52166
00:00.1,0.51914
00:00.1,0.526098
00:00.1,0.528142
00:00.1,0.525898
00:00.1,0.522808
00:00.1,0.524939
00:00.1,0.534933
00:00.1,0.518127
00:00.1,0.518828
00:00.1,0.532556
00:00.1,0.530986
00:00.1,0.528549
00:00.1,0.521673
00:00.1,0.511106
00:00.1,0.524728
00:00.1,0.517451
00:00.1,0.518112
00:00.1,0.51687
00:00.1,0.508493
00:00.1,0.516517
00:00.1,0.518283
00:00.1,0.514832
00:00.1,0.511588
00:00.1,0.507313
00:00.1,0.516153
00:00.1,0.514871
00:00.1,0.524712
00:00.1,0.513394
00:00.1,0.515549
00:00.1,0.521713
00:00.1,0.51824
00:00.1,0.507851
00:00.1,0.515508
00:00.1,0.515815
00:00.1,0.513606
00:00.1,0.516305
00:00.1,0.501246
00:00.1,0.506787
00:00.1,0.507626
00:00.1,0.506638
00:00.1,0.502159
00:00.1,0.505658
00:00.2,0.508263
00:00.2,0.513295
00:00.2,0.509808
00:00.2,0.503979
00:00.2,0.508006
00:00.2,0.508938
00:00.2,0.508472
00:00.2,0.518179
00:00.2,0.504515
00:00.2,0.502987
00:00.2,0.505483
00:00.2,0.509209
00:00.2,0.501221
00:00.2,0.50244
00:00.2,0.501218
00:00.2,0.500465
00:00.2,0.502815
00:00.2,0.501857
00:00.2,0.493364
00:00.2,0.500559
00:00.2,0.502471
00:00.2,0.501563
00:00.2,0.496677
00:00.2,0.501741
00:00.2,0.502935
00:00.2,0.501607
00:00.2,0.49161
00:00.2,0.494777
00:00.2,0.497003
00:00.2,0.507394
00:00.2,0.497023
00:00.2,0.50043
00:00.2,0.483945
00:00.2,0.492257
00:00.2,0.490275
00:00.2,0.490688
00:00.2,0.484679
00:00.2,0.491598
00:00.2,0.490047
00:00.2,0.496869
00:00.2,0.492318
00:00.2,0.49481
00:00.2,0.490612
00:00.2,0.490127
00:00.2,0.495492
00:00.2,0.491748
00:00.2,0.483479
00:00.2,0.493065
00:00.2,0.487192
00:00.2,0.494259
00:00.2,0.484198
00:00.2,0.483538
00:00.2,0.490056
00:00.2,0.486066
00:00.2,0.487353
00:00.2,0.482079
00:00.2,0.483815
00:00.2,0.48197
00:00.2,0.479103
00:00.2,0.480742
00:00.2,0.476115
00:00.2,0.483139
00:00.2,0.484233
00:00.2,0.482493
00:00.2,0.480612
00:00.2,0.47874
00:00.2,0.477517
00:00.2,0.479961
00:00.2,0.481229
00:00.2,0.4732
00:00.2,0.477956
00:00.2,0.481723
00:00.2,0.483806
00:00.2,0.479094
00:00.2,0.474052
00:00.2,0.483839
00:00.2,0.475617
00:00.2,0.476107
00:00.2,0.477522
00:00.3,0.477618
00:00.3,0.471286
00:00.3,0.480591
00:00.3,0.475191
00:00.3,0.478802
00:00.3,0.47272
00:00.3,0.478346
00:00.3,0.483835
00:00.3,0.477653
00:00.3,0.469121
00:00.3,0.477783
00:00.3,0.470037
00:00.3,0.479222
00:00.3,0.475077
00:00.3,0.47039
00:00.3,0.47671
00:00.3,0.472196
00:00.3,0.468642
00:00.3,0.467661
00:00.3,0.475704
00:00.3,0.47222
00:00.3,0.477978
00:00.3,0.474036
00:00.3,0.46546
00:00.3,0.467199
00:00.3,0.469591
00:00.3,0.471267
00:00.3,0.464944
00:00.3,0.467084
00:00.3,0.473693
00:00.3,0.46968
00:00.3,0.463903
00:00.3,0.464867
00:00.3,0.468097
00:00.3,0.467995
00:00.3,0.466383
00:00.3,0.467069
00:00.3,0.46476
00:00.3,0.458773
00:00.3,0.463661
00:00.3,0.459166
00:00.3,0.457223
00:00.3,0.454206
00:00.3,0.461131
00:00.3,0.465739
00:00.3,0.461684
00:00.3,0.459753
00:00.3,0.466796
00:00.3,0.46609
00:00.3,0.475496
00:00.3,0.462468
00:00.3,0.454839
00:00.3,0.455804
00:00.3,0.455374
00:00.3,0.458055
00:00.3,0.452768
00:00.3,0.451249
00:00.3,0.450138
00:00.3,0.456805
00:00.3,0.45531
00:00.3,0.446932
00:00.3,0.452824
00:00.3,0.456908
00:00.3,0.455165
00:00.3,0.454322
00:00.3,0.449399
00:00.3,0.44998
00:00.3,0.453533
00:00.3,0.456393
00:00.3,0.461036
00:00.3,0.451548
00:00.3,0.459423
00:00.3,0.453491
00:00.3,0.453788
00:00.3,0.45014
00:00.3,0.448914
00:00.3,0.445181
00:00.3,0.450465
00:00.3,0.449748
00:00.3,0.446231
00:00.4,0.443915
00:00.4,0.442289
00:00.4,0.444895
00:00.4,0.447332
00:00.4,0.441627
00:00.4,0.454745
00:00.4,0.451626
00:00.4,0.448289
00:00.4,0.452239
00:00.4,0.444029
00:00.4,0.452186
00:00.4,0.442543
00:00.4,0.436366
00:00.4,0.437204
00:00.4,0.44009
00:00.4,0.436874
00:00.4,0.431989
00:00.4,0.434867
00:00.4,0.437614
00:00.4,0.432591
00:00.4,0.446999
00:00.4,0.440398
00:00.4,0.434059
00:00.4,0.434583
00:00.4,0.439377
00:00.4,0.441688
00:00.4,0.437507
00:00.4,0.437842
00:00.4,0.440743
00:00.4,0.440426
00:00.4,0.43509
00:00.4,0.433773
00:00.4,0.438016
00:00.4,0.432796
00:00.4,0.434554
00:00.4,0.439987
00:00.4,0.42913
00:00.4,0.431131
00:00.4,0.430648
00:00.4,0.437398
00:00.4,0.435032
00:00.4,0.427004
00:00.4,0.429607
00:00.4,0.432442
00:00.4,0.433955
00:00.4,0.431863
00:00.4,0.432678
00:00.4,0.431942
00:00.4,0.434318
00:00.4,0.425461
00:00.4,0.431514
00:00.4,0.419483
00:00.4,0.43001
00:00.4,0.436792
00:00.4,0.424575
00:00.4,0.420234
00:00.4,0.428365
00:00.4,0.427944
00:00.4,0.42936
00:00.4,0.430372
00:00.4,0.41879
00:00.4,0.426224
00:00.4,0.425568
00:00.4,0.423573
00:00.4,0.424849
00:00.4,0.422155
00:00.4,0.420608
00:00.4,0.418098
00:00.4,0.427528
00:00.4,0.416969
00:00.4,0.422703
00:00.4,0.42443
00:00.4,0.42176
00:00.4,0.421288
00:00.4,0.422043
00:00.4,0.421868
00:00.4,0.426444
00:00.4,0.428603
00:00.5,0.432131
00:00.5,0.420004
00:00.5,0.421022
00:00.5,0.416327
00:00.5,0.418606
00:00.5,0.412267
00:00.5,0.416867
00:00.5,0.415487
00:00.5,0.416168
00:00.5,0.415946
00:00.5,0.413849
00:00.5,0.41931
00:00.5,0.410353
00:00.5,0.41512
00:00.5,0.409003
00:00.5,0.423137
00:00.5,0.418348
00:00.5,0.418029
00:00.5,0.41774
00:00.5,0.408354
00:00.5,0.414697
00:00.5,0.417735
00:00.5,0.415905
00:00.5,0.413034
00:00.5,0.40775
00:00.5,0.414093
00:00.5,0.412365
00:00.5,0.407923
00:00.5,0.408497
00:00.5,0.401892
00:00.5,0.413591
00:00.5,0.410364
00:00.5,0.41114
00:00.5,0.416273
00:00.5,0.410362
00:00.5,0.409091
00:00.5,0.4192
00:00.5,0.417474
00:00.5,0.402811
00:00.5,0.399072
00:00.5,0.406536
00:00.5,0.408618
00:00.5,0.409603
00:00.5,0.400167
00:00.5,0.404558
00:00.5,0.408476
00:00.5,0.402765
00:00.5,0.406613
00:00.5,0.403265
00:00.5,0.412205
00:00.5,0.405103
00:00.5,0.410527
00:00.5,0.402318
00:00.5,0.399554
00:00.5,0.405328
00:00.5,0.408566
00:00.5,0.405044
00:00.5,0.399953
00:00.5,0.397644
00:00.5,0.407028
00:00.5,0.400573
00:00.5,0.397626
00:00.5,0.397268
00:00.5,0.3932
00:00.5,0.399221
00:00.5,0.399702
00:00.5,0.395328
00:00.5,0.392693
00:00.5,0.398626
00:00.5,0.399877
00:00.5,0.396117
00:00.5,0.387782
00:00.5,0.399514
00:00.5,0.395693
00:00.5,0.399741
00:00.5,0.398704
00:00.5,0.398189
00:00.5,0.400622
00:00.5,0.397533
00:00.6,0.391807
00:00.6,0.390517
00:00.6,0.394851
00:00.6,0.390084
00:00.6,0.396367
00:00.6,0.393818
00:00.6,0.402014
00:00.6,0.390533
00:00.6,0.392561
00:00.6,0.392238
00:00.6,0.387049
00:00.6,0.387472
00:00.6,0.39298
00:00.6,0.394857
00:00.6,0.387716
00:00.6,0.393636
00:00.6,0.390596
00:00.6,0.395667
00:00.6,0.398265
00:00.6,0.38691
00:00.6,0.386233
00:00.6,0.385605
00:00.6,0.384396
00:00.6,0.390115
00:00.6,0.385867
00:00.6,0.381404
00:00.6,0.382026
00:00.6,0.386488
00:00.6,0.382011
00:00.6,0.380406
00:00.6,0.388107
00:00.6,0.391573
00:00.6,0.387609
00:00.6,0.384818
00:00.6,0.382647
00:00.6,0.387555
00:00.6,0.384198
00:00.6,0.383516
00:00.6,0.391931
00:00.6,0.385601
00:00.6,0.383457
00:00.6,0.386275
00:00.6,0.373376
00:00.6,0.377744
00:00.6,0.382036
00:00.6,0.381252
00:00.6,0.379218
00:00.6,0.383622
00:00.6,0.37509
00:00.6,0.384872
00:00.6,0.380093
00:00.6,0.379168
00:00.6,0.374669
00:00.6,0.378222
00:00.6,0.383908
00:00.6,0.381045
00:00.6,0.376885
00:00.6,0.380472
00:00.6,0.373461
00:00.6,0.376002
00:00.6,0.377192
00:00.6,0.374008
00:00.6,0.369379
00:00.6,0.374715
00:00.6,0.377771
00:00.6,0.37336
00:00.6,0.37032
00:00.6,0.367169
00:00.6,0.375488
00:00.6,0.372349
00:00.6,0.377697
00:00.6,0.372326
00:00.6,0.37857
00:00.6,0.376141
00:00.6,0.378222
00:00.6,0.378536
00:00.6,0.369888
00:00.6,0.369229
00:00.6,0.377635
00:00.7,0.380713
00:00.7,0.373024
00:00.7,0.362713
00:00.7,0.370974
00:00.7,0.36557
00:00.7,0.362934
00:00.7,0.377787
00:00.7,0.361869
00:00.7,0.368547
00:00.7,0.373643
00:00.7,0.37315
00:00.7,0.370149
00:00.7,0.368675
00:00.7,0.37801
00:00.7,0.375688
00:00.7,0.375802
00:00.7,0.361208
00:00.7,0.368127
00:00.7,0.37537
00:00.7,0.376071
00:00.7,0.362409
00:00.7,0.363939
00:00.7,0.365286
00:00.7,0.364323
00:00.7,0.376037
00:00.7,0.371169
00:00.7,0.355373
00:00.7,0.365293
00:00.7,0.364265
00:00.7,0.358985
00:00.7,0.356269
00:00.7,0.361814
00:00.7,0.36698
00:00.7,0.368584
00:00.7,0.365657
00:00.7,0.361757
00:00.7,0.371355
00:00.7,0.365524
00:00.7,0.366145
00:00.7,0.355574
00:00.7,0.356167
00:00.7,0.355733
00:00.7,0.360721
00:00.7,0.353584
00:00.7,0.359355
00:00.7,0.354481
00:00.7,0.359866
00:00.7,0.36006
00:00.7,0.353866
00:00.7,0.359681
00:00.7,0.360534
00:00.7,0.35536
00:00.7,0.362639
00:00.7,0.355794
00:00.7,0.357011
00:00.7,0.35679
00:00.7,0.363561
00:00.7,0.353235
00:00.7,0.346776
00:00.7,0.354723
00:00.7,0.353633
00:00.7,0.351899
00:00.7,0.350879
00:00.7,0.353535
00:00.7,0.348391
00:00.7,0.35229
00:00.7,0.35095
00:00.7,0.344416
00:00.7,0.352145
00:00.7,0.352205
00:00.7,0.349549
00:00.7,0.354717
00:00.7,0.35252
00:00.7,0.350892
00:00.7,0.358887
00:00.7,0.350813
00:00.7,0.343015
00:00.7,0.347041
00:00.7,0.343858
00:00.8,0.3472
00:00.8,0.350874
00:00.8,0.343304
00:00.8,0.346734
00:00.8,0.352054
00:00.8,0.356565
00:00.8,0.349693
00:00.8,0.344378
00:00.8,0.340169
00:00.8,0.34931
00:00.8,0.349306
00:00.8,0.342338
00:00.8,0.342321
00:00.8,0.347986
00:00.8,0.344432
00:00.8,0.352904
00:00.8,0.348302
00:00.8,0.342093
00:00.8,0.345254
00:00.8,0.338828
00:00.8,0.341165
00:00.8,0.339322
00:00.8,0.339646
00:00.8,0.343668
00:00.8,0.34713
00:00.8,0.341981
00:00.8,0.341426
00:00.8,0.341725
00:00.8,0.356314
00:00.8,0.347839
00:00.8,0.344536
00:00.8,0.338806
00:00.8,0.345157
00:00.8,0.348266
00:00.8,0.345764
00:00.8,0.335518
00:00.8,0.340264
00:00.8,0.34425
00:00.8,0.337944
00:00.8,0.331073
00:00.8,0.330943
00:00.8,0.344431
00:00.8,0.339452
00:00.8,0.342201
00:00.8,0.332512
00:00.8,0.337577
00:00.8,0.340278
00:00.8,0.334522
00:00.8,0.347614
00:00.8,0.326047
00:00.8,0.335284
00:00.8,0.336104
00:00.8,0.334492
00:00.8,0.331817
00:00.8,0.330234
00:00.8,0.332803
00:00.8,0.340039
00:00.8,0.338163
00:00.8,0.324864
00:00.8,0.331288
00:00.8,0.339324
00:00.8,0.336319
00:00.8,0.3276
00:00.8,0.342452
00:00.8,0.331538
00:00.8,0.332703
00:00.8,0.334313
00:00.8,0.330227
00:00.8,0.32849
00:00.8,0.332867
00:00.8,0.330308
00:00.8,0.326016
00:00.8,0.330191
00:00.8,0.322258
00:00.8,0.330774
00:00.8,0.327973
00:00.8,0.328488
00:00.8,0.325053
00:00.8,0.329203
00:00.8,0.33396
00:00.9,0.333002
00:00.9,0.333732
00:00.9,0.327833
00:00.9,0.331223
00:00.9,0.332737
00:00.9,0.34036
00:00.9,0.336309
00:00.9,0.321539
00:00.9,0.320039
00:00.9,0.326287
00:00.9,0.324094
00:00.9,0.32456
00:00.9,0.316754
00:00.9,0.32099
00:00.9,0.321221
00:00.9,0.328398
00:00.9,0.323075
00:00.9,0.32327
00:00.9,0.324168
00:00.9,0.323265
00:00.9,0.326478
00:00.9,0.3287
00:00.9,0.327218
00:00.9,0.326314
00:00.9,0.331838
00:00.9,0.320126
00:00.9,0.323605
00:00.9,0.327089
00:00.9,0.3245
00:00.9,0.318892
00:00.9,0.31121
00:00.9,0.31959
00:00.9,0.317049
00:00.9,0.320601
00:00.9,0.316215
00:00.9,0.323514
00:00.9,0.319082
00:00.9,0.317814
00:00.9,0.317694
00:00.9,0.317265
00:00.9,0.316647
00:00.9,0.326614
00:00.9,0.321931
00:00.9,0.324357
00:00.9,0.313752
00:00.9,0.319963
00:00.9,0.31754
00:00.9,0.321898
00:00.9,0.318468
00:00.9,0.309809
00:00.9,0.320869
00:00.9,0.316208
00:00.9,0.318007
00:00.9,0.312201
00:00.9,0.313667
00:00.9,0.312685
00:00.9,0.315833
00:00.9,0.317586
00:00.9,0.313459
00:00.9,0.314682
00:00.9,0.317409
00:00.9,0.319258
00:00.9,0.314635
00:00.9,0.31253
00:00.9,0.319879
00:00.9,0.320276
00:00.9,0.317967
00:00.9,0.312371
00:00.9,0.314147
00:00.9,0.311441
00:00.9,0.309184
00:00.9,0.309415
00:00.9,0.309954
00:00.9,0.303291
00:00.9,0.30986
00:00.9,0.319642
00:00.9,0.312693
00:00.9,0.304669
00:00.9,0.308833
00:01.0,0.312255
00:01.0,0.312898
00:01.0,0.318533
00:01.0,0.29887
00:01.0,0.316725
00:01.0,0.319284
00:01.0,0.310247
00:01.0,0.298834
00:01.0,0.313274
00:01.0,0.306736
00:01.0,0.306115
00:01.0,0.299425
00:01.0,0.300669
00:01.0,0.309548
00:01.0,0.305936
00:01.0,0.306235
00:01.0,0.307613
00:01.0,0.299157
00:01.0,0.304279
00:01.0,0.303257
00:01.0,0.31404
00:01.0,0.315802
00:01.0,0.315006
00:01.0,0.312972
00:01.0,0.309683
00:01.0,0.307545
00:01.0,0.303616
00:01.0,0.304816
00:01.0,0.297529
00:01.0,0.297408
00:01.0,0.29787
00:01.0,0.299999
00:01.0,0.299133
00:01.0,0.30015
00:01.0,0.304094
00:01.0,0.303686
00:01.0,0.30235
00:01.0,0.300928
00:01.0,0.298996
00:01.0,0.30223
00:01.0,0.303837
00:01.0,0.303043
00:01.0,0.301232
00:01.0,0.302751
00:01.0,0.294751
00:01.0,0.304366
00:01.0,0.307688
00:01.0,0.299087
00:01.0,0.296548
00:01.0,0.29947
00:01.0,0.29033
00:01.0,0.293987
00:01.0,0.292173
00:01.0,0.297577
00:01.0,0.291131
00:01.0,0.296619
00:01.0,0.299241
00:01.0,0.299494
00:01.0,0.298676
00:01.0,0.292396
00:01.0,0.301864
00:01.0,0.301787
00:01.0,0.305593
00:01.0,0.298576
00:01.0,0.302185
00:01.0,0.30166
00:01.0,0.2949
00:01.0,0.291291
00:01.0,0.293482
00:01.0,0.290325
00:01.0,0.292059
00:01.0,0.287856
00:01.0,0.295582
00:01.0,0.287768
00:01.0,0.290005
00:01.0,0.292662
00:01.0,0.296869
00:01.0,0.291676
00:01.0,0.293814
00:01.1,0.301216
00:01.1,0.291227
00:01.1,0.299944
00:01.1,0.294467
00:01.1,0.29116
00:01.1,0.289137
00:01.1,0.290937
00:01.1,0.284278
00:01.1,0.283639
00:01.1,0.284402
00:01.1,0.286427
00:01.1,0.285831
00:01.1,0.284982
00:01.1,0.284745
00:01.1,0.28333
00:01.1,0.2898
00:01.1,0.286312
00:01.1,0.286694
00:01.1,0.296381
00:01.1,0.293651
00:01.1,0.295828
00:01.1,0.289308
00:01.1,0.289695
00:01.1,0.287296
00:01.1,0.287441
00:01.1,0.292148
00:01.1,0.281779
00:01.1,0.28774
00:01.1,0.28434
00:01.1,0.278886
00:01.1,0.286505
00:01.1,0.279714
00:01.1,0.279314
00:01.1,0.284803
00:01.1,0.285776
00:01.1,0.289214
00:01.1,0.28328
00:01.1,0.278388
00:01.1,0.291128
00:01.1,0.28772
00:01.1,0.281109
00:01.1,0.280954
00:01.1,0.291155
00:01.1,0.282788
00:01.1,0.282798
00:01.1,0.277054
00:01.1,0.281093
00:01.1,0.28366
00:01.1,0.282452
00:01.1,0.278363
00:01.1,0.279253
00:01.1,0.277474
00:01.1,0.275421
00:01.1,0.281553
00:01.1,0.285946
00:01.1,0.282199
00:01.1,0.279639
00:01.1,0.282243
00:01.1,0.284749
00:01.1,0.283199
00:01.1,0.285547
00:01.1,0.274691
00:01.1,0.279147
00:01.1,0.278436
00:01.1,0.273114
00:01.1,0.271112
00:01.1,0.280792
00:01.1,0.273532
00:01.1,0.271574
00:01.1,0.277815
00:01.1,0.268902
00:01.1,0.275369
00:01.1,0.275095
00:01.1,0.277258
00:01.1,0.273706
00:01.1,0.273994
00:01.1,0.282323
00:01.1,0.284282
00:01.1,0.278604
00:01.2,0.283995
00:01.2,0.278646
00:01.2,0.275397
00:01.2,0.276131
00:01.2,0.266062
00:01.2,0.2761
00:01.2,0.269004
00:01.2,0.269132
00:01.2,0.270016
00:01.2,0.270577
00:01.2,0.274219
00:01.2,0.275451
00:01.2,0.277697
00:01.2,0.262466
00:01.2,0.26843
00:01.2,0.270915
00:01.2,0.272576
00:01.2,0.265088
00:01.2,0.271727
00:01.2,0.27869
00:01.2,0.276633
00:01.2,0.27464
00:01.2,0.265765
00:01.2,0.271366
00:01.2,0.275515
00:01.2,0.26955
00:01.2,0.270569
00:01.2,0.268533
00:01.2,0.2642
00:01.2,0.279383
00:01.2,0.264692
00:01.2,0.266291
00:01.2,0.264295
00:01.2,0.265256
00:01.2,0.272643
00:01.2,0.258207
00:01.2,0.266607
00:01.2,0.273137
00:01.2,0.266458
00:01.2,0.264905
00:01.2,0.266023
00:01.2,0.272839
00:01.2,0.266818
00:01.2,0.267651
00:01.2,0.270056
00:01.2,0.264612
00:01.2,0.265528
00:01.2,0.262264
00:01.2,0.259835
00:01.2,0.262476
00:01.2,0.25581
00:01.2,0.264915
00:01.2,0.266067
00:01.2,0.266472
00:01.2,0.267804
00:01.2,0.259392
00:01.2,0.270069
00:01.2,0.267147
00:01.2,0.264448
00:01.2,0.265619
00:01.2,0.264391
00:01.2,0.267485
00:01.2,0.269479
00:01.2,0.261183
00:01.2,0.260064
00:01.2,0.260079
00:01.2,0.262779
00:01.2,0.263845
00:01.2,0.257871
00:01.2,0.256235
00:01.2,0.257155
00:01.2,0.260368
00:01.2,0.267514
00:01.2,0.256267
00:01.2,0.259679
00:01.2,0.26618
00:01.2,0.254018
00:01.2,0.255166
00:01.2,0.253475
00:01.3,0.259969
00:01.3,0.261835
00:01.3,0.260487
00:01.3,0.261563
00:01.3,0.248347
00:01.3,0.256148
00:01.3,0.258958
00:01.3,0.249019
00:01.3,0.250214
00:01.3,0.252968
00:01.3,0.259287
00:01.3,0.255776
00:01.3,0.255029
00:01.3,0.255677
00:01.3,0.258306
00:01.3,0.255215
00:01.3,0.253763
00:01.3,0.257531
00:01.3,0.25653
00:01.3,0.254963
00:01.3,0.258744
00:01.3,0.259898
00:01.3,0.251275
00:01.3,0.255423
00:01.3,0.259216
00:01.3,0.258152
00:01.3,0.248624
00:01.3,0.249178
00:01.3,0.245871
00:01.3,0.25369
00:01.3,0.252088
00:01.3,0.249805
00:01.3,0.247421
00:01.3,0.260442
00:01.3,0.249894
00:01.3,0.247988
00:01.3,0.254402
00:01.3,0.249577
00:01.3,0.246851
00:01.3,0.247108
00:01.3,0.252495
00:01.3,0.24616
00:01.3,0.249941
00:01.3,0.250099
00:01.3,0.250595
00:01.3,0.252619
00:01.3,0.251408
00:01.3,0.247647
00:01.3,0.250881
00:01.3,0.249284
00:01.3,0.251455
00:01.3,0.245852
00:01.3,0.247876
00:01.3,0.246969
00:01.3,0.253705
00:01.3,0.244129
00:01.3,0.243406
00:01.3,0.245529
00:01.3,0.246306
00:01.3,0.253164
00:01.3,0.244575
00:01.3,0.245397
00:01.3,0.248565
00:01.3,0.247063
00:01.3,0.248558
00:01.3,0.247699
00:01.3,0.249248
00:01.3,0.253957
00:01.3,0.248895
00:01.3,0.253599
00:01.3,0.240653
00:01.3,0.248693
00:01.3,0.251408
00:01.3,0.238741
00:01.3,0.243042
00:01.3,0.238078
00:01.3,0.248653
00:01.3,0.240914
00:01.3,0.246533
00:01.3,0.245006
00:01.4,0.245912
00:01.4,0.254196
00:01.4,0.25275
00:01.4,0.239612
00:01.4,0.250266
00:01.4,0.243378
00:01.4,0.248511
00:01.4,0.246487
00:01.4,0.237429
00:01.4,0.241913
00:01.4,0.243133
00:01.4,0.242188
00:01.4,0.242614
00:01.4,0.237626
00:01.4,0.239871
00:01.4,0.236134
00:01.4,0.240488
00:01.4,0.24291
00:01.4,0.244186
00:01.4,0.241336
00:01.4,0.242112
00:01.4,0.241133
00:01.4,0.239125
00:01.4,0.242484
00:01.4,0.242026
00:01.4,0.239
00:01.4,0.240785
00:01.4,0.244916
00:01.4,0.239199
00:01.4,0.240625
00:01.4,0.237696
00:01.4,0.236471
00:01.4,0.23568
00:01.4,0.230266
00:01.4,0.239322
00:01.4,0.235059
00:01.4,0.241844
00:01.4,0.241365
00:01.4,0.240866
00:01.4,0.237561
00:01.4,0.240829
00:01.4,0.238492
00:01.4,0.237618
00:01.4,0.244276
00:01.4,0.238086
00:01.4,0.237178
00:01.4,0.239173
00:01.4,0.237872
00:01.4,0.235525
00:01.4,0.234474
00:01.4,0.232197
00:01.4,0.231696
00:01.4,0.23484
00:01.4,0.228716
00:01.4,0.229036
00:01.4,0.233282
00:01.4,0.238101
00:01.4,0.242696
00:01.4,0.237231
00:01.4,0.236003
00:01.4,0.230811
00:01.4,0.241582
00:01.4,0.239578
00:01.4,0.23356
00:01.4,0.227663
00:01.4,0.23253
00:01.4,0.232873
00:01.4,0.23136
00:01.4,0.229634
00:01.4,0.230147
00:01.4,0.224087
00:01.4,0.225718
00:01.4,0.231274
00:01.4,0.230135
00:01.4,0.231767
00:01.4,0.232895
00:01.4,0.231243
00:01.4,0.231517
00:01.5,0.227406
00:01.5,0.226531
00:01.5,0.235455
00:01.5,0.232594
00:01.5,0.229985
00:01.5,0.229443
00:01.5,0.234905
00:01.5,0.230692
00:01.5,0.234875
00:01.5,0.236248
00:01.5,0.224435
00:01.5,0.228354
00:01.5,0.225448
00:01.5,0.231235
00:01.5,0.224583
00:01.5,0.221346
00:01.5,0.227604
00:01.5,0.222485
00:01.5,0.224698
00:01.5,0.227308
00:01.5,0.225945
00:01.5,0.227725
00:01.5,0.228195
00:01.5,0.228097
00:01.5,0.228458
00:01.5,0.222824
00:01.5,0.227559
00:01.5,0.229594
00:01.5,0.223894
00:01.5,0.219941
00:01.5,0.229624
00:01.5,0.230737
00:01.5,0.222332
00:01.5,0.22215
00:01.5,0.225007
00:01.5,0.224735
00:01.5,0.220577
00:01.5,0.229618
00:01.5,0.230391
00:01.5,0.232414
00:01.5,0.232939
00:01.5,0.22292
00:01.5,0.225831
00:01.5,0.223858
00:01.5,0.227759
00:01.5,0.225731
00:01.5,0.225053
00:01.5,0.221359
00:01.5,0.221735
00:01.5,0.220554
00:01.5,0.219352
00:01.5,0.222868
00:01.5,0.217664
00:01.5,0.221177
00:01.5,0.215808
00:01.5,0.213922
00:01.5,0.224987
00:01.5,0.218296
00:01.5,0.228972
00:01.5,0.230612
00:01.5,0.227657
00:01.5,0.22355
00:01.5,0.225104
00:01.5,0.223685
00:01.5,0.219931
00:01.5,0.218674
00:01.5,0.217472
00:01.5,0.215456
00:01.5,0.218628
00:01.5,0.215506
00:01.5,0.212804
00:01.5,0.210933
00:01.5,0.21349
00:01.5,0.219479
00:01.5,0.221512
00:01.5,0.216916
00:01.5,0.21743
00:01.5,0.222427
00:01.5,0.225556
00:01.6,0.221175
00:01.6,0.221493
00:01.6,0.224481
00:01.6,0.209702
00:01.6,0.219476
00:01.6,0.225411
00:01.6,0.212348
00:01.6,0.221161
00:01.6,0.212129
00:01.6,0.208023
00:01.6,0.212691
00:01.6,0.209931
00:01.6,0.212686
00:01.6,0.207245
00:01.6,0.215809
00:01.6,0.21972
00:01.6,0.212994
00:01.6,0.21361
00:01.6,0.216122
00:01.6,0.223587
00:01.6,0.214966
00:01.6,0.212976
00:01.6,0.223372
00:01.6,0.21355
00:01.6,0.211292
00:01.6,0.21196
00:01.6,0.215451
00:01.6,0.211837
00:01.6,0.202532
00:01.6,0.209037
00:01.6,0.212368
00:01.6,0.210886
00:01.6,0.208069
00:01.6,0.213702
00:01.6,0.208439
00:01.6,0.216105
00:01.6,0.210526
00:01.6,0.210042
00:01.6,0.215568
00:01.6,0.213693
00:01.6,0.208966
00:01.6,0.213194
00:01.6,0.213479
00:01.6,0.213885
00:01.6,0.210583
00:01.6,0.217577
00:01.6,0.210536
00:01.6,0.209674
00:01.6,0.210489
00:01.6,0.206192
00:01.6,0.204798
00:01.6,0.208941
00:01.6,0.207923
00:01.6,0.207525
00:01.6,0.208643
00:01.6,0.214027
00:01.6,0.216422
00:01.6,0.208401
00:01.6,0.207672
00:01.6,0.21485
00:01.6,0.208316
00:01.6,0.206689
00:01.6,0.209769
00:01.6,0.205562
00:01.6,0.206138
00:01.6,0.20254
00:01.6,0.204011
00:01.6,0.206263
00:01.6,0.207718
00:01.6,0.209358
00:01.6,0.205914
00:01.6,0.213743
00:01.6,0.204236
00:01.6,0.210154
00:01.6,0.209729
00:01.6,0.210936
00:01.6,0.203572
00:01.6,0.203289
00:01.6,0.214622
00:01.6,0.202196
00:01.7,0.199457
00:01.7,0.208829
00:01.7,0.208644
00:01.7,0.203039
00:01.7,0.199659
00:01.7,0.201915
00:01.7,0.205886
00:01.7,0.204862
00:01.7,0.198838
00:01.7,0.199347
00:01.7,0.206012
00:01.7,0.204242
00:01.7,0.206081
00:01.7,0.207757
00:01.7,0.201929
00:01.7,0.203594
00:01.7,0.207333
00:01.7,0.205801
00:01.7,0.198722
00:01.7,0.206387
00:01.7,0.201322
00:01.7,0.19897
00:01.7,0.199209
00:01.7,0.204866
00:01.7,0.2
00:01.7,0.202314
00:01.7,0.200968
00:01.7,0.199835
00:01.7,0.200247
00:01.7,0.195419
00:01.7,0.205943
00:01.7,0.196528
00:01.7,0.198316
00:01.7,0.195509
00:01.7,0.201932
00:01.7,0.204433
00:01.7,0.201402
00:01.7,0.196089
00:01.7,0.209024
00:01.7,0.201918
00:01.7,0.198461
00:01.7,0.199106
00:01.7,0.196456
00:01.7,0.19362
00:01.7,0.198232
00:01.7,0.199041
00:01.7,0.201534
00:01.7,0.19644
00:01.7,0.191913
00:01.7,0.190816
00:01.7,0.197006
00:01.7,0.192932
00:01.7,0.190364
00:01.7,0.196897
00:01.7,0.196556
00:01.7,0.193276
00:01.7,0.202072
00:01.7,0.196097
00:01.7,0.195659
00:01.7,0.199926
00:01.7,0.193118
00:01.7,0.194447
00:01.7,0.200396
00:01.7,0.194665
00:01.7,0.194896
00:01.7,0.196774
00:01.7,0.196961
00:01.7,0.199606
00:01.7,0.192522
00:01.7,0.198328
00:01.7,0.194356
00:01.7,0.194566
00:01.7,0.20094
00:01.7,0.199693
00:01.7,0.191511
00:01.7,0.199965
00:01.7,0.1971
00:01.7,0.194568
00:01.8,0.190943
00:01.8,0.185326
00:01.8,0.200566
00:01.8,0.192539
00:01.8,0.191509
00:01.8,0.190692
00:01.8,0.192725
00:01.8,0.198466
00:01.8,0.188434
00:01.8,0.194637
00:01.8,0.195769
00:01.8,0.188317
00:01.8,0.188247
00:01.8,0.196611
00:01.8,0.187332
00:01.8,0.19513
00:01.8,0.188276
00:01.8,0.186555
00:01.8,0.187803
00:01.8,0.192048
00:01.8,0.188302
00:01.8,0.194049
00:01.8,0.188378
00:01.8,0.190036
00:01.8,0.1872
00:01.8,0.189594
00:01.8,0.191321
00:01.8,0.19027
00:01.8,0.188489
00:01.8,0.191132
00:01.8,0.194016
00:01.8,0.187607
00:01.8,0.191221
00:01.8,0.189161
00:01.8,0.19155
00:01.8,0.190168
00:01.8,0.186681
00:01.8,0.191004
00:01.8,0.190366
00:01.8,0.185017
00:01.8,0.18673
00:01.8,0.186182
00:01.8,0.188681
00:01.8,0.183409
00:01.8,0.179847
00:01.8,0.191185
00:01.8,0.189316
00:01.8,0.184325
00:01.8,0.18695
00:01.8,0.189607
00:01.8,0.185973
00:01.8,0.186681
00:01.8,0.183635
00:01.8,0.184333
00:01.8,0.188154
00:01.8,0.186625
00:01.8,0.18351
00:01.8,0.180875
00:01.8,0.181132
00:01.8,0.181635
00:01.8,0.181531
00:01.8,0.183442
00:01.8,0.187362
00:01.8,0.18154
00:01.8,0.188732
00:01.8,0.178401
00:01.8,0.18791
00:01.8,0.18575
00:01.8,0.186486
00:01.8,0.185839
00:01.8,0.186276
00:01.8,0.183654
00:01.8,0.182937
00:01.8,0.188346
00:01.8,0.181578
00:01.8,0.188528
00:01.8,0.181005
00:01.8,0.180763
00:01.8,0.182567
00:01.8,0.180963
00:01.9,0.179311
00:01.9,0.177212
00:01.9,0.177534
00:01.9,0.181965
00:01.9,0.190695
00:01.9,0.185499
00:01.9,0.18455
00:01.9,0.179736
00:01.9,0.183023
00:01.9,0.178672
00:01.9,0.184517
00:01.9,0.18659
00:01.9,0.180147
00:01.9,0.181769
00:01.9,0.18114
00:01.9,0.181932
00:01.9,0.182919
00:01.9,0.183264
00:01.9,0.186591
00:01.9,0.177766
00:01.9,0.179715
00:01.9,0.17683
00:01.9,0.176453
00:01.9,0.176144
00:01.9,0.181825
00:01.9,0.177318
00:01.9,0.17063
00:01.9,0.182015
00:01.9,0.182729
00:01.9,0.174943
00:01.9,0.174683
00:01.9,0.181515
00:01.9,0.178626
00:01.9,0.17791
00:01.9,0.175214
00:01.9,0.182
00:01.9,0.176803
00:01.9,0.18173
00:01.9,0.174924
00:01.9,0.178405
00:01.9,0.177592
00:01.9,0.180437
00:01.9,0.174899
00:01.9,0.174333
00:01.9,0.169684
00:01.9,0.176239
00:01.9,0.173966
00:01.9,0.178579
00:01.9,0.187402
00:01.9,0.172493
00:01.9,0.179329
00:01.9,0.176535
00:01.9,0.170935
00:01.9,0.184301
00:01.9,0.169069
00:01.9,0.174948
00:01.9,0.166892
00:01.9,0.178268
00:01.9,0.168214
00:01.9,0.170607
00:01.9,0.167412
00:01.9,0.17699
00:01.9,0.177843
00:01.9,0.171838
00:01.9,0.173242
00:01.9,0.179285
00:01.9,0.179895
00:01.9,0.171329
00:01.9,0.175594
00:01.9,0.177893
00:01.9,0.171097
00:01.9,0.177601
00:01.9,0.17142
00:01.9,0.170763
00:01.9,0.171473
00:01.9,0.167153
00:01.9,0.174698
00:01.9,0.169591
00:01.9,0.16629
00:02.0,0.174529
00:02.0,0.167613
00:02.0,0.166567
00:02.0,0.169722
00:02.0,0.174765
00:02.0,0.170293
00:02.0,0.168446
00:02.0,0.171686
00:02.0,0.171769
00:02.0,0.172407
00:02.0,0.170157
00:02.0,0.175067
00:02.0,0.172977
00:02.0,0.171388
00:02.0,0.167415
00:02.0,0.172342
00:02.0,0.169917
00:02.0,0.17524
00:02.0,0.17118
00:02.0,0.169507
00:02.0,0.176662
00:02.0,0.172186
00:02.0,0.169457
00:02.0,0.170676
00:02.0,0.169317
00:02.0,0.165838
00:02.0,0.17003
00:02.0,0.166526
00:02.0,0.168295
00:02.0,0.165312
00:02.0,0.170402
00:02.0,0.173081
00:02.0,0.168935
00:02.0,0.173311
00:02.0,0.17422
00:02.0,0.169515
00:02.0,0.17173
00:02.0,0.167453
00:02.0,0.165074
00:02.0,0.174839
00:02.0,0.161704
00:02.0,0.171623
00:02.0,0.172603
00:02.0,0.166897
00:02.0,0.167731
00:02.0,0.15933
00:02.0,0.165667
00:02.0,0.162911
00:02.0,0.168543
00:02.0,0.161339
00:02.0,0.164002
00:02.0,0.172939
00:02.0,0.166171
00:02.0,0.168192
00:02.0,0.168778
00:02.0,0.167071
00:02.0,0.170413
00:02.0,0.170774
00:02.0,0.163008
00:02.0,0.157814
00:02.0,0.163813
00:02.0,0.160691
00:02.0,0.167194
00:02.0,0.166027
00:02.0,0.163153
00:02.0,0.162673
00:02.0,0.16837
00:02.0,0.163527
00:02.0,0.159488
00:02.0,0.168346
00:02.0,0.16324
00:02.0,0.16728
00:02.0,0.165864
00:02.0,0.165036
00:02.0,0.16418
00:02.0,0.166987
00:02.0,0.165646
00:02.0,0.162094
00:02.0,0.16277
00:02.1,0.164082
00:02.1,0.162577
00:02.1,0.153228
00:02.1,0.161618
00:02.1,0.166178
00:02.1,0.163645
00:02.1,0.164484
00:02.1,0.154814
00:02.1,0.160517
00:02.1,0.160184
00:02.1,0.16222
00:02.1,0.162753
00:02.1,0.162809
00:02.1,0.166824
00:02.1,0.161287
00:02.1,0.162002
00:02.1,0.157656
00:02.1,0.160878
00:02.1,0.159545
00:02.1,0.158748
00:02.1,0.156597
00:02.1,0.159154
00:02.1,0.152991
00:02.1,0.16322
00:02.1,0.157602
00:02.1,0.157142
00:02.1,0.157134
00:02.1,0.162304
00:02.1,0.15976
00:02.1,0.165553
00:02.1,0.161304
00:02.1,0.159244
00:02.1,0.15959
00:02.1,0.164493
00:02.1,0.164164
00:02.1,0.15191
00:02.1,0.159887
00:02.1,0.153687
00:02.1,0.155588
00:02.1,0.152443
00:02.1,0.153596
00:02.1,0.156304
00:02.1,0.159731
00:02.1,0.152779
00:02.1,0.159115
00:02.1,0.15561
00:02.1,0.157174
00:02.1,0.16076
00:02.1,0.161207
00:02.1,0.157388
00:02.1,0.163658
00:02.1,0.162196
00:02.1,0.156236
00:02.1,0.155627
00:02.1,0.157225
00:02.1,0.162578
00:02.1,0.152808
00:02.1,0.147923
00:02.1,0.159461
00:02.1,0.151868
00:02.1,0.153156
00:02.1,0.158362
00:02.1,0.149631
00:02.1,0.160847
00:02.1,0.159691
00:02.1,0.157836
00:02.1,0.157233
00:02.1,0.153521
00:02.1,0.156833
00:02.1,0.158854
00:02.1,0.155805
00:02.1,0.162965
00:02.1,0.157871
00:02.1,0.150441
00:02.1,0.153458
00:02.1,0.155515
00:02.1,0.153476
00:02.1,0.147599
00:02.1,0.154101
00:02.1,0.150486
00:02.2,0.151914
00:02.2,0.151019
00:02.2,0.15499
00:02.2,0.158991
00:02.2,0.155291
00:02.2,0.156312
00:02.2,0.15246
00:02.2,0.150965
00:02.2,0.153174
00:02.2,0.157122
00:02.2,0.16138
00:02.2,0.159222
00:02.2,0.152697
00:02.2,0.153879
00:02.2,0.147843
00:02.2,0.146641
00:02.2,0.150874
00:02.2,0.144433
00:02.2,0.150171
00:02.2,0.150941
00:02.2,0.149844
00:02.2,0.158231
00:02.2,0.149851
00:02.2,0.151848
00:02.2,0.156698
00:02.2,0.155672
00:02.2,0.154916
00:02.2,0.147856
00:02.2,0.153465
00:02.2,0.159986
00:02.2,0.153124
00:02.2,0.148511
00:02.2,0.155022
00:02.2,0.154252
00:02.2,0.150197
00:02.2,0.151597
00:02.2,0.152135
00:02.2,0.152684
00:02.2,0.151414
00:02.2,0.143496
00:02.2,0.151122
00:02.2,0.152719
00:02.2,0.149168
00:02.2,0.152929
00:02.2,0.149327
00:02.2,0.152104
00:02.2,0.152903
00:02.2,0.153683
00:02.2,0.154324
00:02.2,0.154334
00:02.2,0.152423
00:02.2,0.140083
00:02.2,0.149179
00:02.2,0.15278
00:02.2,0.144826
00:02.2,0.139268
00:02.2,0.146314
00:02.2,0.140436
00:02.2,0.143823
00:02.2,0.14224
00:02.2,0.144549
00:02.2,0.149387
00:02.2,0.150558
00:02.2,0.147171
00:02.2,0.149528
00:02.2,0.14753
00:02.2,0.151006
00:02.2,0.146657
00:02.2,0.151135
00:02.2,0.150764
00:02.2,0.146396
00:02.2,0.147616
00:02.2,0.143886
00:02.2,0.144513
00:02.2,0.139263
00:02.2,0.148669
00:02.2,0.140067
00:02.2,0.136147
00:02.3,0.141502
00:02.3,0.137503
00:02.3,0.142639
00:02.3,0.144963
00:02.3,0.148971
00:02.3,0.142995
00:02.3,0.145675
00:02.3,0.149492
00:02.3,0.151562
00:02.3,0.144341
00:02.3,0.148032
00:02.3,0.144673
00:02.3,0.149397
00:02.3,0.148888
00:02.3,0.143674
00:02.3,0.141926
00:02.3,0.14533
00:02.3,0.143541
00:02.3,0.136065
00:02.3,0.139616
00:02.3,0.141458
00:02.3,0.138042
00:02.3,0.138894
00:02.3,0.140724
00:02.3,0.145478
00:02.3,0.14947
00:02.3,0.142904
00:02.3,0.147551
00:02.3,0.144742
00:02.3,0.140187
00:02.3,0.146274
00:02.3,0.145534
00:02.3,0.142087
00:02.3,0.140247
00:02.3,0.137945
00:02.3,0.138434
00:02.3,0.144947
00:02.3,0.145515
00:02.3,0.135863
00:02.3,0.139136
00:02.3,0.145655
00:02.3,0.139994
00:02.3,0.142046
00:02.3,0.141871
00:02.3,0.146937
00:02.3,0.145257
00:02.3,0.139455
00:02.3,0.148813
00:02.3,0.145045
00:02.3,0.140682
00:02.3,0.14766
00:02.3,0.148341
00:02.3,0.138135
00:02.3,0.143131
00:02.3,0.137839
00:02.3,0.138711
00:02.3,0.130438
00:02.3,0.142531
00:02.3,0.133095
00:02.3,0.142138
00:02.3,0.141292
00:02.3,0.142472
00:02.3,0.141743
00:02.3,0.138174
00:02.3,0.134397
00:02.3,0.143477
00:02.3,0.138714
00:02.3,0.140346
00:02.3,0.149498
00:02.3,0.148634
00:02.3,0.138224
00:02.3,0.14119
00:02.3,0.140292
00:02.3,0.139103
00:02.3,0.137918
00:02.3,0.128525
00:02.3,0.132352
00:02.3,0.136513
00:02.3,0.135748
00:02.4,0.134273
00:02.4,0.134244
00:02.4,0.144764
00:02.4,0.139306
00:02.4,0.140753
00:02.4,0.137234
00:02.4,0.134689
00:02.4,0.1414
00:02.4,0.142336
00:02.4,0.132744
00:02.4,0.139153
00:02.4,0.135391
00:02.4,0.139886
00:02.4,0.140935
00:02.4,0.13716
00:02.4,0.132384
00:02.4,0.132813
00:02.4,0.134181
00:02.4,0.133154
00:02.4,0.136171
00:02.4,0.133243
00:02.4,0.132708
00:02.4,0.146261
00:02.4,0.134173
00:02.4,0.135049
00:02.4,0.141908
00:02.4,0.138894
00:02.4,0.13495
00:02.4,0.140762
00:02.4,0.132968
00:02.4,0.130824
00:02.4,0.135906
00:02.4,0.137992
00:02.4,0.133593
00:02.4,0.136949
00:02.4,0.132548
00:02.4,0.134988
00:02.4,0.130345
00:02.4,0.134984
00:02.4,0.13016
00:02.4,0.138511
00:02.4,0.132767
00:02.4,0.133904
00:02.4,0.128915
00:02.4,0.133635
00:02.4,0.136704
00:02.4,0.132695
00:02.4,0.130431
00:02.4,0.138384
00:02.4,0.136944
00:02.4,0.136319
00:02.4,0.131476
00:02.4,0.129666
00:02.4,0.136844
00:02.4,0.134719
00:02.4,0.133528
00:02.4,0.128324
00:02.4,0.133213
00:02.4,0.127244
00:02.4,0.132524
00:02.4,0.131792
00:02.4,0.135537
00:02.4,0.130549
00:02.4,0.126582
00:02.4,0.134984
00:02.4,0.127335
00:02.4,0.138128
00:02.4,0.129205
00:02.4,0.127372
00:02.4,0.133294
00:02.4,0.129807
00:02.4,0.132752
00:02.4,0.128733
00:02.4,0.133911
00:02.4,0.127858
00:02.4,0.128508
00:02.4,0.13248
00:02.4,0.127349
00:02.4,0.125673
00:02.5,0.129726
00:02.5,0.125733
00:02.5,0.126432
00:02.5,0.129435
00:02.5,0.125195
00:02.5,0.129839
00:02.5,0.135725
00:02.5,0.127073
00:02.5,0.133603
00:02.5,0.125784
00:02.5,0.139352
00:02.5,0.131063
00:02.5,0.134499
00:02.5,0.1291
00:02.5,0.126964
00:02.5,0.126273
00:02.5,0.13301
00:02.5,0.129644
00:02.5,0.124969
00:02.5,0.131107
00:02.5,0.127167
00:02.5,0.130983
00:02.5,0.128793
00:02.5,0.130114
00:02.5,0.12657
00:02.5,0.132085
00:02.5,0.122218
00:02.5,0.128463
00:02.5,0.126418
00:02.5,0.125824
00:02.5,0.129509
00:02.5,0.131921
00:02.5,0.128993
00:02.5,0.118917
00:02.5,0.13048
00:02.5,0.124042
00:02.5,0.127183
00:02.5,0.12356
00:02.5,0.12928
00:02.5,0.127809
00:02.5,0.124091
00:02.5,0.127467
00:02.5,0.125924
00:02.5,0.127225
00:02.5,0.126247
00:02.5,0.122036
00:02.5,0.130032
00:02.5,0.124732
00:02.5,0.127967
00:02.5,0.13016
00:02.5,0.131128
00:02.5,0.122096
00:02.5,0.126142
00:02.5,0.123847
00:02.5,0.125832
00:02.5,0.129624
00:02.5,0.125794
00:02.5,0.127431
00:02.5,0.122013
00:02.5,0.132446
00:02.5,0.122562
00:02.5,0.126815
00:02.5,0.122813
00:02.5,0.124486
00:02.5,0.128163
00:02.5,0.120613
00:02.5,0.122724
00:02.5,0.121111
00:02.5,0.119558
00:02.5,0.129694
00:02.5,0.119586
00:02.5,0.11784
00:02.5,0.121744
00:02.5,0.123091
00:02.5,0.126892
00:02.5,0.12582
00:02.5,0.122748
00:02.5,0.123748
00:02.5,0.122135
00:02.6,0.132519
00:02.6,0.120467
00:02.6,0.114374
00:02.6,0.128233
00:02.6,0.120937
00:02.6,0.128856
00:02.6,0.117244
00:02.6,0.121087
00:02.6,0.118674
00:02.6,0.114243
00:02.6,0.122069
00:02.6,0.125084
00:02.6,0.116194
00:02.6,0.12079
00:02.6,0.120462
00:02.6,0.121021
00:02.6,0.12626
00:02.6,0.128809
00:02.6,0.119405
00:02.6,0.118943
00:02.6,0.117355
00:02.6,0.124865
00:02.6,0.125177
00:02.6,0.12207
00:02.6,0.120852
00:02.6,0.12238
00:02.6,0.120349
00:02.6,0.119962
00:02.6,0.121077
00:02.6,0.116083
00:02.6,0.111971
00:02.6,0.122762
00:02.6,0.123621
00:02.6,0.115599
00:02.6,0.126595
00:02.6,0.123153
00:02.6,0.12083
00:02.6,0.116267
00:02.6,0.117675
00:02.6,0.117398
00:02.6,0.124039
00:02.6,0.123257
00:02.6,0.123512
00:02.6,0.119384
00:02.6,0.122303
00:02.6,0.118551
00:02.6,0.126328
00:02.6,0.11235
00:02.6,0.117339
00:02.6,0.113622
00:02.6,0.119198
00:02.6,0.117832
00:02.6,0.116235
00:02.6,0.117718
00:02.6,0.12226
00:02.6,0.121436
00:02.6,0.120326
00:02.6,0.117231
00:02.6,0.121707
00:02.6,0.122631
00:02.6,0.118807
00:02.6,0.118597
00:02.6,0.110374
00:02.6,0.116318
00:02.6,0.114694
00:02.6,0.118903
00:02.6,0.110462
00:02.6,0.115295
00:02.6,0.117465
00:02.6,0.11038
00:02.6,0.121656
00:02.6,0.115406
00:02.6,0.120909
00:02.6,0.114577
00:02.6,0.122391
00:02.6,0.118779
00:02.6,0.110988
00:02.6,0.120497
00:02.6,0.117023
00:02.6,0.122643
00:02.7,0.120265
00:02.7,0.118335
00:02.7,0.118416
00:02.7,0.117457
00:02.7,0.114067
00:02.7,0.117829
00:02.7,0.117083
00:02.7,0.108796
00:02.7,0.115196
00:02.7,0.116407
00:02.7,0.112592
00:02.7,0.128065
00:02.7,0.119219
00:02.7,0.123491
00:02.7,0.112681
00:02.7,0.121325
00:02.7,0.116954
00:02.7,0.110665
00:02.7,0.105594
00:02.7,0.106543
00:02.7,0.112145
00:02.7,0.115744
00:02.7,0.11485
00:02.7,0.110916
00:02.7,0.115827
00:02.7,0.107438
00:02.7,0.11267
00:02.7,0.111433
00:02.7,0.120486
00:02.7,0.118941
00:02.7,0.113792
00:02.7,0.117882
00:02.7,0.113996
00:02.7,0.11228
00:02.7,0.113724
00:02.7,0.116457
00:02.7,0.116583
00:02.7,0.114429
00:02.7,0.111499
00:02.7,0.116875
00:02.7,0.117804
00:02.7,0.107511
00:02.7,0.111581
00:02.7,0.109996
00:02.7,0.110672
00:02.7,0.106965
00:02.7,0.117029
00:02.7,0.108965
00:02.7,0.106468
00:02.7,0.108407
00:02.7,0.11583
00:02.7,0.111521
00:02.7,0.113329
00:02.7,0.109942
00:02.7,0.107875
00:02.7,0.110028
00:02.7,0.114042
00:02.7,0.108351
00:02.7,0.112745
00:02.7,0.108196
00:02.7,0.110856
00:02.7,0.106614
00:02.7,0.110603
00:02.7,0.109307
00:02.7,0.111043
00:02.7,0.115269
00:02.7,0.114961
00:02.7,0.115398
00:02.7,0.111318
00:02.7,0.109842
00:02.7,0.11186
00:02.7,0.113882
00:02.7,0.10624
00:02.7,0.107849
00:02.7,0.11253
00:02.7,0.114873
00:02.7,0.116328
00:02.7,0.107331
00:02.8,0.107359
00:02.8,0.108351
00:02.8,0.106579
00:02.8,0.104025
00:02.8,0.111519
00:02.8,0.107531
00:02.8,0.111449
00:02.8,0.106594
00:02.8,0.108808
00:02.8,0.111315
00:02.8,0.105803
00:02.8,0.10718
00:02.8,0.110039
00:02.8,0.110872
00:02.8,0.1055
00:02.8,0.108369
00:02.8,0.109249
00:02.8,0.105483
00:02.8,0.108554
00:02.8,0.113138
00:02.8,0.104983
00:02.8,0.10796
00:02.8,0.107451
00:02.8,0.105403
00:02.8,0.109374
00:02.8,0.104153
00:02.8,0.106651
00:02.8,0.104434
00:02.8,0.108411
00:02.8,0.109742
00:02.8,0.111375
00:02.8,0.106286
00:02.8,0.111762
00:02.8,0.103568
00:02.8,0.108095
00:02.8,0.110923
00:02.8,0.110002
00:02.8,0.105076
00:02.8,0.106751
00:02.8,0.10375
00:02.8,0.107113
00:02.8,0.104057
00:02.8,0.106269
00:02.8,0.107047
00:02.8,0.107286
00:02.8,0.104644
00:02.8,0.102714
00:02.8,0.111098
00:02.8,0.102382
00:02.8,0.106847
00:02.8,0.110136
00:02.8,0.106475
00:02.8,0.102739
00:02.8,0.108144
00:02.8,0.107925
00:02.8,0.106078
00:02.8,0.105054
00:02.8,0.109195
00:02.8,0.103926
00:02.8,0.101388
00:02.8,0.104541
00:02.8,0.102322
00:02.8,0.100999
00:02.8,0.1034
00:02.8,0.107464
00:02.8,0.110456
00:02.8,0.101726
00:02.8,0.105079
00:02.8,0.100984
00:02.8,0.10928
00:02.8,0.107289
00:02.8,0.105323
00:02.8,0.106555
00:02.8,0.103575
00:02.8,0.103789
00:02.8,0.104849
00:02.8,0.104614
00:02.8,0.10356
00:02.8,0.102988
00:02.9,0.105985
00:02.9,0.100554
00:02.9,0.098783
00:02.9,0.099766
00:02.9,0.0972
00:02.9,0.100171
00:02.9,0.104254
00:02.9,0.101419
00:02.9,0.104994
00:02.9,0.104756
00:02.9,0.109916
00:02.9,0.112595
00:02.9,0.102041
00:02.9,0.109688
00:02.9,0.10903
00:02.9,0.099997
00:02.9,0.10183
00:02.9,0.105364
00:02.9,0.09756
00:02.9,0.10134
00:02.9,0.098749
00:02.9,0.100334
00:02.9,0.096117
00:02.9,0.099449
00:02.9,0.10576
00:02.9,0.103193
00:02.9,0.098428
00:02.9,0.098851
00:02.9,0.106515
00:02.9,0.102489
00:02.9,0.1017
00:02.9,0.108724
00:02.9,0.108453
00:02.9,0.105452
00:02.9,0.095762
00:02.9,0.097419
00:02.9,0.100467
00:02.9,0.104501
00:02.9,0.09547
00:02.9,0.096266
00:02.9,0.094322
00:02.9,0.098079
00:02.9,0.093223
00:02.9,0.101063
00:02.9,0.100283
00:02.9,0.10106
00:02.9,0.100956
00:02.9,0.101947
00:02.9,0.097289
00:02.9,0.102782
00:02.9,0.103996
00:02.9,0.101113
00:02.9,0.101726
00:02.9,0.104816
00:02.9,0.104698
00:02.9,0.098728
00:02.9,0.098315
00:02.9,0.099368
00:02.9,0.100509
00:02.9,0.094572
00:02.9,0.091135
00:02.9,0.098279
00:02.9,0.093996
00:02.9,0.104258
00:02.9,0.101242
00:02.9,0.101659
00:02.9,0.095661
00:02.9,0.098251
00:02.9,0.098679
00:02.9,0.105183
00:02.9,0.10524
00:02.9,0.108795
00:02.9,0.102861
00:02.9,0.103277
00:02.9,0.096317
00:02.9,0.093365
00:02.9,0.0966
00:02.9,0.092381
00:02.9,0.092079
00:02.9,0.088689
00:03.0,0.097009
00:03.0,0.095432
00:03.0,0.096465
00:03.0,0.09427
00:03.0,0.099162
00:03.0,0.096765
00:03.0,0.102595
00:03.0,0.095096
00:03.0,0.099864
00:03.0,0.10248
00:03.0,0.09744
00:03.0,0.09996
00:03.0,0.095099
00:03.0,0.097186
00:03.0,0.096722
00:03.0,0.096534
00:03.0,0.099648
00:03.0,0.100111
00:03.0,0.092465
00:03.0,0.088753
00:03.0,0.093529
00:03.0,0.094297
00:03.0,0.095137
00:03.0,0.09906
00:03.0,0.089553
00:03.0,0.094079
00:03.0,0.095031
00:03.0,0.098647
00:03.0,0.106075
00:03.0,0.100507
00:03.0,0.099294
00:03.0,0.094087
00:03.0,0.094823
00:03.0,0.095249
00:03.0,0.095193
00:03.0,0.093956
00:03.0,0.098645
00:03.0,0.099743
00:03.0,0.090718
00:03.0,0.091314
00:03.0,0.091589
00:03.0,0.088318
00:03.0,0.093137
00:03.0,0.088918
00:03.0,0.091746
00:03.0,0.09578
00:03.0,0.100126
00:03.0,0.094378
00:03.0,0.097459
00:03.0,0.097594
00:03.0,0.097579
00:03.0,0.095004
00:03.0,0.098815
00:03.0,0.095065
00:03.0,0.093596
00:03.0,0.099903
00:03.0,0.09552
00:03.0,0.094362
00:03.0,0.085698
00:03.0,0.097823
00:03.0,0.092266
00:03.0,0.097323
00:03.0,0.09002
00:03.0,0.088481
00:03.0,0.095533
00:03.0,0.094689
00:03.0,0.097731
00:03.0,0.091215
00:03.0,0.101876
00:03.0,0.09071
00:03.0,0.091946
00:03.0,0.093859
00:03.0,0.093489
00:03.0,0.092724
00:03.0,0.086399
00:03.0,0.093418
00:03.0,0.097095
00:03.0,0.088587
00:03.0,0.094038
00:03.1,0.087905
00:03.1,0.091825
00:03.1,0.095526
00:03.1,0.094426
00:03.1,0.096845
00:03.1,0.091709
00:03.1,0.086861
00:03.1,0.094567
00:03.1,0.092375
00:03.1,0.098514
00:03.1,0.091698
00:03.1,0.095733
00:03.1,0.094471
00:03.1,0.094796
00:03.1,0.096218
00:03.1,0.089448
00:03.1,0.090477
00:03.1,0.093981
00:03.1,0.088754
00:03.1,0.084789
00:03.1,0.083677
00:03.1,0.093023
00:03.1,0.087378
00:03.1,0.086318
00:03.1,0.092491
00:03.1,0.08773
00:03.1,0.088993
00:03.1,0.088279
00:03.1,0.093331
00:03.1,0.094858
00:03.1,0.086485
00:03.1,0.093655
00:03.1,0.084599
00:03.1,0.088891
00:03.1,0.089095
00:03.1,0.095441
00:03.1,0.086277
00:03.1,0.084298
00:03.1,0.084729
00:03.1,0.085194
00:03.1,0.084194
00:03.1,0.084868
00:03.1,0.086479
00:03.1,0.090331
00:03.1,0.085264
00:03.1,0.091331
00:03.1,0.090479
00:03.1,0.091129
00:03.1,0.083624
00:03.1,0.091482
00:03.1,0.089795
00:03.1,0.09758
00:03.1,0.096124
00:03.1,0.092109
00:03.1,0.08259
00:03.1,0.088351
00:03.1,0.089174
00:03.1,0.08695
00:03.1,0.084138
00:03.1,0.093451
00:03.1,0.085737
00:03.1,0.087956
00:03.1,0.080137
00:03.1,0.088436
00:03.1,0.089694
00:03.1,0.080729
00:03.1,0.092344
00:03.1,0.085653
00:03.1,0.089135
00:03.1,0.089869
00:03.1,0.083929
00:03.1,0.081986
00:03.1,0.089994
00:03.1,0.093561
00:03.1,0.091155
00:03.1,0.087539
00:03.1,0.076649
00:03.1,0.079758
00:03.1,0.089953
00:03.1,0.086243
00:03.2,0.090415
00:03.2,0.088443
00:03.2,0.083423
00:03.2,0.091155
00:03.2,0.085325
00:03.2,0.084763
00:03.2,0.091014
00:03.2,0.093336
00:03.2,0.085345
00:03.2,0.085648
00:03.2,0.088064
00:03.2,0.084628
00:03.2,0.086549
00:03.2,0.086157
00:03.2,0.093306
00:03.2,0.086265
00:03.2,0.086138
00:03.2,0.085972
00:03.2,0.08603
00:03.2,0.085996
00:03.2,0.090258
00:03.2,0.082127
00:03.2,0.085381
00:03.2,0.087733
00:03.2,0.087736
00:03.2,0.090526
00:03.2,0.088978
00:03.2,0.084165
00:03.2,0.086058
00:03.2,0.084249
00:03.2,0.089892
00:03.2,0.091631
00:03.2,0.088723
00:03.2,0.087465
00:03.2,0.087393
00:03.2,0.09344
00:03.2,0.087136
00:03.2,0.091462
00:03.2,0.082463
00:03.2,0.08769
00:03.2,0.086248
00:03.2,0.086019
00:03.2,0.085098
00:03.2,0.089484
00:03.2,0.086562
00:03.2,0.08468
00:03.2,0.08785
00:03.2,0.088264
00:03.2,0.082082
00:03.2,0.08476
00:03.2,0.080463
00:03.2,0.084779
00:03.2,0.090374
00:03.2,0.086765
00:03.2,0.087899
00:03.2,0.088673
00:03.2,0.08842
00:03.2,0.092173
00:03.2,0.08705
00:03.2,0.079418
00:03.2,0.085505
00:03.2,0.091638
00:03.2,0.080168
00:03.2,0.085661
00:03.2,0.081138
00:03.2,0.084797
00:03.2,0.084302
00:03.2,0.078151
00:03.2,0.085402
00:03.2,0.082906
00:03.2,0.08394
00:03.2,0.08274
00:03.2,0.077453
00:03.2,0.081034
00:03.2,0.079727
00:03.2,0.086245
00:03.2,0.084547
00:03.2,0.081552
00:03.3,0.084754
00:03.3,0.080692
00:03.3,0.085126
00:03.3,0.075139
00:03.3,0.079394
00:03.3,0.083931
00:03.3,0.083976
00:03.3,0.078746
00:03.3,0.080985
00:03.3,0.07623
00:03.3,0.079195
00:03.3,0.08439
00:03.3,0.085161
00:03.3,0.084637
00:03.3,0.080122
00:03.3,0.086192
00:03.3,0.090103
00:03.3,0.08518
00:03.3,0.082181
00:03.3,0.081201
00:03.3,0.083427
00:03.3,0.082393
00:03.3,0.07689
00:03.3,0.080278
00:03.3,0.078355
00:03.3,0.08059
00:03.3,0.076974
00:03.3,0.074458
00:03.3,0.073211
00:03.3,0.081637
00:03.3,0.080734
00:03.3,0.081617
00:03.3,0.082767
00:03.3,0.082636
00:03.3,0.083973
00:03.3,0.086709
00:03.3,0.083892
00:03.3,0.086412
00:03.3,0.084668
00:03.3,0.084159
00:03.3,0.076821
00:03.3,0.085809
00:03.3,0.077875
00:03.3,0.075919
00:03.3,0.076046
00:03.3,0.080532
00:03.3,0.078643
00:03.3,0.084882
00:03.3,0.082973
00:03.3,0.081157
00:03.3,0.077893
00:03.3,0.083503
00:03.3,0.085943
00:03.3,0.074381
00:03.3,0.084593
00:03.3,0.075995
00:03.3,0.077136
00:03.3,0.082171
00:03.3,0.082545
00:03.3,0.08537
00:03.3,0.082389
00:03.3,0.084843
00:03.3,0.082096
00:03.3,0.083004
00:03.3,0.075379
00:03.3,0.074053
00:03.3,0.077133
00:03.3,0.080401
00:03.3,0.078599
00:03.3,0.076629
00:03.3,0.083928
00:03.3,0.08392
00:03.3,0.079342
00:03.3,0.086373
00:03.3,0.084537
00:03.3,0.080241
00:03.3,0.078288
00:03.3,0.080108
00:03.3,0.078537
00:03.4,0.082093
00:03.4,0.076108
00:03.4,0.068027
00:03.4,0.077169
00:03.4,0.072868
00:03.4,0.076152
00:03.4,0.077869
00:03.4,0.073212
00:03.4,0.075755
00:03.4,0.073862
00:03.4,0.077416
00:03.4,0.084784
00:03.4,0.073473
00:03.4,0.085822
00:03.4,0.075222
00:03.4,0.083251
00:03.4,0.081204
00:03.4,0.077696
00:03.4,0.079416
00:03.4,0.072489
00:03.4,0.0819
00:03.4,0.071
00:03.4,0.073085
00:03.4,0.078452
00:03.4,0.080024
00:03.4,0.077661
00:03.4,0.077309
00:03.4,0.077131
00:03.4,0.081995
00:03.4,0.074501
00:03.4,0.077939
00:03.4,0.078754
00:03.4,0.072682
00:03.4,0.076493
00:03.4,0.075
00:03.4,0.069883
00:03.4,0.082074
00:03.4,0.074019
00:03.4,0.078862
00:03.4,0.081614
00:03.4,0.083824
00:03.4,0.078739
00:03.4,0.079689
00:03.4,0.083446
00:03.4,0.084836
00:03.4,0.077875
00:03.4,0.066567
00:03.4,0.077797
00:03.4,0.074784
00:03.4,0.077879
00:03.4,0.069174
00:03.4,0.071467
00:03.4,0.073439
00:03.4,0.072085
00:03.4,0.080449
00:03.4,0.068692
00:03.4,0.073377
00:03.4,0.078294
00:03.4,0.074855
00:03.4,0.073581
00:03.4,0.08051
00:03.4,0.078468
00:03.4,0.074996
00:03.4,0.079659
00:03.4,0.079565
00:03.4,0.083078
00:03.4,0.080861
00:03.4,0.073148
00:03.4,0.075226
00:03.4,0.067904
00:03.4,0.068036
00:03.4,0.07532
00:03.4,0.074804
00:03.4,0.071675
00:03.4,0.076055
00:03.4,0.073209
00:03.4,0.073476
00:03.4,0.074881
00:03.4,0.077398
00:03.4,0.079124
00:03.5,0.075966
00:03.5,0.07921
00:03.5,0.081111
00:03.5,0.07096
00:03.5,0.077438
00:03.5,0.070793
00:03.5,0.076319
00:03.5,0.073008
00:03.5,0.075681
00:03.5,0.081387
00:03.5,0.070407
00:03.5,0.082013
00:03.5,0.072861
00:03.5,0.073725
00:03.5,0.078238
00:03.5,0.06966
00:03.5,0.076062
00:03.5,0.068518
00:03.5,0.07206
00:03.5,0.072768
00:03.5,0.073507
00:03.5,0.068213
00:03.5,0.075071
00:03.5,0.070906
00:03.5,0.071264
00:03.5,0.073582
00:03.5,0.076319
00:03.5,0.073635
00:03.5,0.065828
00:03.5,0.069062
00:03.5,0.074121
00:03.5,0.073794
00:03.5,0.071737
00:03.5,0.074598
00:03.5,0.079299
00:03.5,0.075697
00:03.5,0.071125
00:03.5,0.07057
00:03.5,0.068006
00:03.5,0.077465
00:03.5,0.076644
00:03.5,0.076363
00:03.5,0.071073
00:03.5,0.071628
00:03.5,0.07187
00:03.5,0.064157
00:03.5,0.073536
00:03.5,0.071461
00:03.5,0.070898
00:03.5,0.069177
00:03.5,0.07219
00:03.5,0.073853
00:03.5,0.079753
00:03.5,0.070385
00:03.5,0.076197
00:03.5,0.072389
00:03.5,0.069914
00:03.5,0.065449
00:03.5,0.074136
00:03.5,0.065749
00:03.5,0.072684
00:03.5,0.063362
00:03.5,0.06686
00:03.5,0.075715
00:03.5,0.074608
00:03.5,0.069728
00:03.5,0.071578
00:03.5,0.065707
00:03.5,0.070827
00:03.5,0.07058
00:03.5,0.073135
00:03.5,0.076357
00:03.5,0.066609
00:03.5,0.073862
00:03.5,0.075553
00:03.5,0.074806
00:03.5,0.066672
00:03.5,0.063643
00:03.6,0.069713
00:03.6,0.06502
00:03.6,0.072692
00:03.6,0.06945
00:03.6,0.069882
00:03.6,0.065753
00:03.6,0.068902
00:03.6,0.066522
00:03.6,0.072661
00:03.6,0.072342
00:03.6,0.074961
00:03.6,0.070435
00:03.6,0.073353
00:03.6,0.069833
00:03.6,0.073235
00:03.6,0.066944
00:03.6,0.069
00:03.6,0.073745
00:03.6,0.068362
00:03.6,0.067847
00:03.6,0.068246
00:03.6,0.07414
00:03.6,0.065382
00:03.6,0.067875
00:03.6,0.071666
00:03.6,0.06496
00:03.6,0.07288
00:03.6,0.071087
00:03.6,0.071027
00:03.6,0.072436
00:03.6,0.069407
00:03.6,0.072841
00:03.6,0.069185
00:03.6,0.069986
00:03.6,0.07368
00:03.6,0.06439
00:03.6,0.070278
00:03.6,0.069558
00:03.6,0.066945
00:03.6,0.064446
00:03.6,0.068046
00:03.6,0.068999
00:03.6,0.067399
00:03.6,0.062067
00:03.6,0.066447
00:03.6,0.069703
00:03.6,0.068623
00:03.6,0.066514
00:03.6,0.067483
00:03.6,0.06126
00:03.6,0.073392
00:03.6,0.062603
00:03.6,0.067793
00:03.6,0.072137
00:03.6,0.06707
00:03.6,0.068869
00:03.6,0.068388
00:03.6,0.074161
00:03.6,0.068874
00:03.6,0.06884
00:03.6,0.070428
00:03.6,0.061932
00:03.6,0.071565
00:03.6,0.060001
00:03.6,0.064069
00:03.6,0.063234
00:03.6,0.066828
00:03.6,0.075852
00:03.6,0.065872
00:03.6,0.066054
00:03.6,0.065443
00:03.6,0.070223
00:03.6,0.067694
00:03.6,0.068833
00:03.6,0.064934
00:03.6,0.069258
00:03.6,0.060951
00:03.6,0.065855
00:03.6,0.065131
00:03.6,0.062894
00:03.7,0.065963
00:03.7,0.071349
00:03.7,0.064904
00:03.7,0.074633
00:03.7,0.072886
00:03.7,0.069208
00:03.7,0.069079
00:03.7,0.066825
00:03.7,0.067584
00:03.7,0.069906
00:03.7,0.06429
00:03.7,0.065397
00:03.7,0.067745
00:03.7,0.067117
00:03.7,0.066193
00:03.7,0.064697
00:03.7,0.071266
00:03.7,0.059878
00:03.7,0.057496
00:03.7,0.065405
00:03.7,0.067093
00:03.7,0.068655
00:03.7,0.066717
00:03.7,0.067112
00:03.7,0.065613
00:03.7,0.070824
00:03.7,0.062032
00:03.7,0.064055
00:03.7,0.065548
00:03.7,0.065186
00:03.7,0.065591
00:03.7,0.064687
00:03.7,0.061719
00:03.7,0.069578
00:03.7,0.059931
00:03.7,0.066343
00:03.7,0.068077
00:03.7,0.064734
00:03.7,0.061724
00:03.7,0.067006
00:03.7,0.057703
00:03.7,0.062159
00:03.7,0.062172
00:03.7,0.069719
00:03.7,0.064871
00:03.7,0.061885
00:03.7,0.057751
00:03.7,0.063907
00:03.7,0.066605
00:03.7,0.072467
00:03.7,0.063606
00:03.7,0.070095
00:03.7,0.063964
00:03.7,0.068158
00:03.7,0.062139
00:03.7,0.06919
00:03.7,0.071877
00:03.7,0.061262
00:03.7,0.061854
00:03.7,0.064552
00:03.7,0.05937
00:03.7,0.063201
00:03.7,0.063594
00:03.7,0.065575
00:03.7,0.065695
00:03.7,0.063676
00:03.7,0.061876
00:03.7,0.059627
00:03.7,0.063256
00:03.7,0.071121
00:03.7,0.060697
00:03.7,0.062314
00:03.7,0.068827
00:03.7,0.068035
00:03.7,0.065223
00:03.7,0.065603
00:03.7,0.058776
00:03.7,0.062277
00:03.8,0.060936
00:03.8,0.057463
00:03.8,0.057196
00:03.8,0.058978
00:03.8,0.064261
00:03.8,0.058653
00:03.8,0.059989
00:03.8,0.06011
00:03.8,0.064646
00:03.8,0.060867
00:03.8,0.06773
00:03.8,0.063944
00:03.8,0.065746
00:03.8,0.06756
00:03.8,0.061872
00:03.8,0.065008
00:03.8,0.06196
00:03.8,0.065169
00:03.8,0.06012
00:03.8,0.065261
00:03.8,0.063345
00:03.8,0.054974
00:03.8,0.062505
00:03.8,0.060503
00:03.8,0.056425
00:03.8,0.05677
00:03.8,0.058028
00:03.8,0.057877
00:03.8,0.058204
00:03.8,0.053576
00:03.8,0.065373
00:03.8,0.065022
00:03.8,0.062073
00:03.8,0.06003
00:03.8,0.065655
00:03.8,0.061962
00:03.8,0.065067
00:03.8,0.0633
00:03.8,0.064325
00:03.8,0.063045
00:03.8,0.058472
00:03.8,0.060082
00:03.8,0.056446
00:03.8,0.061143
00:03.8,0.059517
00:03.8,0.061279
00:03.8,0.071236
00:03.8,0.065122
00:03.8,0.059942
00:03.8,0.063533
00:03.8,0.061399
00:03.8,0.058212
00:03.8,0.063091
00:03.8,0.06307
00:03.8,0.058934
00:03.8,0.054328
00:03.8,0.059289
00:03.8,0.053042
00:03.8,0.058167
00:03.8,0.05399
00:03.8,0.052987
00:03.8,0.056965
00:03.8,0.051706
00:03.8,0.059051
00:03.8,0.05605
00:03.8,0.058873
00:03.8,0.05381
00:03.8,0.063002
00:03.8,0.05831
00:03.8,0.068149
00:03.8,0.07002
00:03.8,0.061576
00:03.8,0.060378
00:03.8,0.05753
00:03.8,0.061031
00:03.8,0.058871
00:03.8,0.060672
00:03.8,0.057977
00:03.8,0.057841
00:03.9,0.05687
00:03.9,0.053524
00:03.9,0.062688
00:03.9,0.055693
00:03.9,0.061496
00:03.9,0.065039
00:03.9,0.059574
00:03.9,0.064824
00:03.9,0.063168
00:03.9,0.059426
00:03.9,0.06211
00:03.9,0.056442
00:03.9,0.055914
00:03.9,0.056011
00:03.9,0.059919
00:03.9,0.057256
00:03.9,0.053909
00:03.9,0.05968
00:03.9,0.05961
00:03.9,0.051378
00:03.9,0.056181
00:03.9,0.061208
00:03.9,0.055127
00:03.9,0.051592
00:03.9,0.060006
00:03.9,0.060064
00:03.9,0.065358
00:03.9,0.061267
00:03.9,0.056801
00:03.9,0.061542
00:03.9,0.061121
00:03.9,0.058337
00:03.9,0.057825
00:03.9,0.060172
00:03.9,0.062255
00:03.9,0.054101
00:03.9,0.059788
00:03.9,0.056667
00:03.9,0.047581
00:03.9,0.05332
00:03.9,0.052974
00:03.9,0.058344
00:03.9,0.051104
00:03.9,0.054696
00:03.9,0.059744
00:03.9,0.060666
00:03.9,0.053723
00:03.9,0.059171
00:03.9,0.055153
00:03.9,0.053444
00:03.9,0.064334
00:03.9,0.058315
00:03.9,0.061824
00:03.9,0.055914
00:03.9,0.055831
00:03.9,0.05717
00:03.9,0.063382
00:03.9,0.055947
00:03.9,0.053035
00:03.9,0.052685
00:03.9,0.056291
00:03.9,0.060417
00:03.9,0.057917
00:03.9,0.058944
00:03.9,0.053704
00:03.9,0.0511
00:03.9,0.053719
00:03.9,0.053312
00:03.9,0.053467
00:03.9,0.054911
00:03.9,0.057349
00:03.9,0.060662
00:03.9,0.053693
00:03.9,0.057884
00:03.9,0.049163
00:03.9,0.058141
00:03.9,0.056011
00:03.9,0.053855
00:03.9,0.059777
00:03.9,0.056774
00:04.0,0.051525
00:04.0,0.059155
00:04.0,0.054811
00:04.0,0.056115
00:04.0,0.056989
00:04.0,0.059399
00:04.0,0.057393
00:04.0,0.051902
00:04.0,0.058131
00:04.0,0.051551
00:04.0,0.051946
00:04.0,0.052017
00:04.0,0.055699
00:04.0,0.057857
00:04.0,0.060796
00:04.0,0.053529
00:04.0,0.060021
00:04.0,0.057943
00:04.0,0.055438
00:04.0,0.049978
00:04.0,0.048865
00:04.0,0.050189
00:04.0,0.053904
00:04.0,0.048915
00:04.0,0.051674
00:04.0,0.054527
00:04.0,0.059756
00:04.0,0.059556
00:04.0,0.054853
00:04.0,0.058307
00:04.0,0.051791
00:04.0,0.058377
00:04.0,0.057297
00:04.0,0.061561
00:04.0,0.058888
00:04.0,0.05247
00:04.0,0.047827
00:04.0,0.054152
00:04.0,0.051152
00:04.0,0.052309
00:04.0,0.05331
00:04.0,0.056348
00:04.0,0.057175
00:04.0,0.054868
00:04.0,0.059019
00:04.0,0.0584
00:04.0,0.059445
00:04.0,0.058245
00:04.0,0.053342
00:04.0,0.061624
00:04.0,0.052628
00:04.0,0.058095
00:04.0,0.061888
00:04.0,0.052268
00:04.0,0.053236
00:04.0,0.056938
00:04.0,0.057604
00:04.0,0.052488
00:04.0,0.052296
00:04.0,0.054597
00:04.0,0.050924
00:04.0,0.049131
00:04.0,0.058202
00:04.0,0.051265
00:04.0,0.052307
00:04.0,0.050721
00:04.0,0.0575
00:04.0,0.050638
00:04.0,0.054693
00:04.0,0.055204
00:04.0,0.055098
00:04.0,0.05776
00:04.0,0.05379
00:04.0,0.051078
00:04.0,0.058848
00:04.0,0.050983
00:04.0,0.051083
00:04.0,0.052254
00:04.0,0.055336
00:04.1,0.0508
00:04.1,0.046859
00:04.1,0.055545
00:04.1,0.059972
00:04.1,0.048431
00:04.1,0.050798
00:04.1,0.056883
00:04.1,0.05932
00:04.1,0.051663
00:04.1,0.053719
00:04.1,0.051814
00:04.1,0.05788
00:04.1,0.055848
00:04.1,0.052339
00:04.1,0.049742
00:04.1,0.050591
00:04.1,0.04645
00:04.1,0.056942
00:04.1,0.049108
00:04.1,0.055836
00:04.1,0.053208
00:04.1,0.0518
00:04.1,0.052499
00:04.1,0.05703
00:04.1,0.047674
00:04.1,0.051168
00:04.1,0.053971
00:04.1,0.050568
00:04.1,0.052125
00:04.1,0.053641
00:04.1,0.049325
00:04.1,0.051787
00:04.1,0.053778
00:04.1,0.052108
00:04.1,0.058008
00:04.1,0.047861
00:04.1,0.051006
00:04.1,0.051355
00:04.1,0.051323
00:04.1,0.054867
00:04.1,0.050425
00:04.1,0.049296
00:04.1,0.053333
00:04.1,0.052193
00:04.1,0.053538
00:04.1,0.055944
00:04.1,0.050687
00:04.1,0.052436
00:04.1,0.050706
00:04.1,0.049667
00:04.1,0.04957
00:04.1,0.048342
00:04.1,0.050081
00:04.1,0.046794
00:04.1,0.049906
00:04.1,0.053117
00:04.1,0.04582
00:04.1,0.056607
00:04.1,0.047334
00:04.1,0.053591
00:04.1,0.048929
00:04.1,0.057176
00:04.1,0.048713
00:04.1,0.057405
00:04.1,0.050729
00:04.1,0.049058
00:04.1,0.052454
00:04.1,0.049223
00:04.1,0.05062
00:04.1,0.053379
00:04.1,0.0478
00:04.1,0.051554
00:04.1,0.049796
00:04.1,0.048744
00:04.1,0.051551
00:04.1,0.049921
00:04.1,0.049917
00:04.1,0.058427
00:04.1,0.053683
00:04.1,0.055003
00:04.2,0.052681
00:04.2,0.047723
00:04.2,0.056507
00:04.2,0.049347
00:04.2,0.052038
00:04.2,0.050067
00:04.2,0.05293
00:04.2,0.046039
00:04.2,0.047659
00:04.2,0.04942
00:04.2,0.051381
00:04.2,0.045774
00:04.2,0.048947
00:04.2,0.047516
00:04.2,0.051687
00:04.2,0.046488
00:04.2,0.05269
00:04.2,0.050036
00:04.2,0.052587
00:04.2,0.049454
00:04.2,0.050634
00:04.2,0.054084
00:04.2,0.045686
00:04.2,0.044646
00:04.2,0.045616
00:04.2,0.047169
00:04.2,0.049296
00:04.2,0.046539
00:04.2,0.04712
00:04.2,0.048162
00:04.2,0.048037
00:04.2,0.052374
00:04.2,0.049567
00:04.2,0.045979
00:04.2,0.045245
00:04.2,0.048173
00:04.2,0.048364
00:04.2,0.047638
00:04.2,0.049761
00:04.2,0.044411
00:04.2,0.053091
00:04.2,0.048023
00:04.2,0.046321
00:04.2,0.053997
00:04.2,0.049242
00:04.2,0.049961
00:04.2,0.053384
00:04.2,0.048707
00:04.2,0.04548
00:04.2,0.054722
00:04.2,0.049773
00:04.2,0.045764
00:04.2,0.044911
00:04.2,0.048569
00:04.2,0.052077
00:04.2,0.05304
00:04.2,0.053231
00:04.2,0.046441
00:04.2,0.042991
00:04.2,0.052687
00:04.2,0.047065
00:04.2,0.046041
00:04.2,0.046922
00:04.2,0.045856
00:04.2,0.046756
00:04.2,0.0516
00:04.2,0.047662
00:04.2,0.053866
00:04.2,0.05585
00:04.2,0.051116
00:04.2,0.053455
00:04.2,0.050408
00:04.2,0.048106
00:04.2,0.052083
00:04.2,0.048586
00:04.2,0.051252
00:04.2,0.051276
00:04.2,0.050795
00:04.3,0.049829
00:04.3,0.051115
00:04.3,0.053137
00:04.3,0.041975
00:04.3,0.044711
00:04.3,0.044062
00:04.3,0.053902
00:04.3,0.047052
00:04.3,0.042707
00:04.3,0.046912
00:04.3,0.04307
00:04.3,0.04676
00:04.3,0.047946
00:04.3,0.048106
00:04.3,0.053984
00:04.3,0.047279
00:04.3,0.049191
00:04.3,0.047276
00:04.3,0.05273
00:04.3,0.045629
00:04.3,0.045015
00:04.3,0.047173
00:04.3,0.048569
00:04.3,0.049466
00:04.3,0.043753
00:04.3,0.043741
00:04.3,0.044936
00:04.3,0.047514
00:04.3,0.048835
00:04.3,0.047696
00:04.3,0.041052
00:04.3,0.045831
00:04.3,0.040928
00:04.3,0.045786
00:04.3,0.048162
00:04.3,0.04551
00:04.3,0.046675
00:04.3,0.050116
00:04.3,0.047664
00:04.3,0.04874
00:04.3,0.047137
00:04.3,0.048402
00:04.3,0.04436
00:04.3,0.04546
00:04.3,0.046262
00:04.3,0.052057
00:04.3,0.050242
00:04.3,0.046345
00:04.3,0.050772
00:04.3,0.044737
00:04.3,0.045558
00:04.3,0.045247
00:04.3,0.040891
00:04.3,0.044032
00:04.3,0.047474
00:04.3,0.038823
00:04.3,0.04334
00:04.3,0.044414
00:04.3,0.042721
00:04.3,0.046982
00:04.3,0.05018
00:04.3,0.051407
00:04.3,0.04797
00:04.3,0.043699
00:04.3,0.04718
00:04.3,0.048056
00:04.3,0.046464
00:04.3,0.04507
00:04.3,0.041781
00:04.3,0.045976
00:04.3,0.048459
00:04.3,0.048884
00:04.3,0.041414
00:04.3,0.044187
00:04.3,0.043004
00:04.3,0.04334
00:04.3,0.039331
00:04.3,0.039663
00:04.3,0.04433
00:04.4,0.050149
00:04.4,0.049029
00:04.4,0.046487
00:04.4,0.049755
00:04.4,0.046649
00:04.4,0.046371
00:04.4,0.041894
00:04.4,0.046626
00:04.4,0.045956
00:04.4,0.043326
00:04.4,0.042555
00:04.4,0.044431
00:04.4,0.041949
00:04.4,0.037193
00:04.4,0.041028
00:04.4,0.044134
00:04.4,0.047226
00:04.4,0.045038
00:04.4,0.046538
00:04.4,0.044239
00:04.4,0.051995
00:04.4,0.046861
00:04.4,0.043351
00:04.4,0.046238
00:04.4,0.045152
00:04.4,0.045431
00:04.4,0.04285
00:04.4,0.039097
00:04.4,0.044413
00:04.4,0.044317
00:04.4,0.04589
00:04.4,0.051045
00:04.4,0.043773
00:04.4,0.041404
00:04.4,0.044732
00:04.4,0.045143
00:04.4,0.047003
00:04.4,0.041033
00:04.4,0.044266
00:04.4,0.046333
00:04.4,0.046562
00:04.4,0.04196
00:04.4,0.043528
00:04.4,0.042823
00:04.4,0.046745
00:04.4,0.042114
00:04.4,0.044822
00:04.4,0.046363
00:04.4,0.041566
00:04.4,0.037526
00:04.4,0.039441
00:04.4,0.042296
00:04.4,0.041111
00:04.4,0.046324
00:04.4,0.035231
00:04.4,0.045556
00:04.4,0.050167
00:04.4,0.042295
00:04.4,0.042884
00:04.4,0.043182
00:04.4,0.042656
00:04.4,0.048768
00:04.4,0.042781
00:04.4,0.04129
00:04.4,0.041984
00:04.4,0.04275
00:04.4,0.046569
00:04.4,0.04256
00:04.4,0.039326
00:04.4,0.039912
00:04.4,0.04302
00:04.4,0.039756
00:04.4,0.039425
00:04.4,0.042608
00:04.4,0.038509
00:04.4,0.04165
00:04.4,0.04697
00:04.4,0.048331
00:04.4,0.0451
00:04.4,0.047405
00:04.5,0.047931
00:04.5,0.03926
00:04.5,0.042203
00:04.5,0.046364
00:04.5,0.038952
00:04.5,0.041007
00:04.5,0.042721
00:04.5,0.046471
00:04.5,0.041051
00:04.5,0.039449
00:04.5,0.042106
00:04.5,0.047021
00:04.5,0.039352
00:04.5,0.041967
00:04.5,0.043767
00:04.5,0.040362
00:04.5,0.043242
00:04.5,0.047407
00:04.5,0.049977
00:04.5,0.04362
00:04.5,0.044997
00:04.5,0.044119
00:04.5,0.041781
00:04.5,0.040715
00:04.5,0.043336
00:04.5,0.047245
00:04.5,0.038493
00:04.5,0.045528
00:04.5,0.040721
00:04.5,0.040507
00:04.5,0.037489
00:04.5,0.042161
00:04.5,0.036679
00:04.5,0.044349
00:04.5,0.042131
00:04.5,0.043034
00:04.5,0.040479
00:04.5,0.042336
00:04.5,0.043065
00:04.5,0.041105
00:04.5,0.04893
00:04.5,0.042789
00:04.5,0.03657
00:04.5,0.041015
00:04.5,0.04565
00:04.5,0.038098
00:04.5,0.039105
00:04.5,0.03423
00:04.5,0.040487
00:04.5,0.043187
00:04.5,0.045238
00:04.5,0.040668
00:04.5,0.042579
00:04.5,0.040822
00:04.5,0.045448
00:04.5,0.040602
00:04.5,0.034554
00:04.5,0.044331
00:04.5,0.039632
00:04.5,0.042809
00:04.5,0.039921
00:04.5,0.038217
00:04.5,0.046019
00:04.5,0.041485
00:04.5,0.040017
00:04.5,0.043058
00:04.5,0.041804
00:04.5,0.040211
00:04.5,0.043887
00:04.5,0.037701
00:04.5,0.038211
00:04.5,0.034662
00:04.5,0.04349
00:04.5,0.039621
00:04.5,0.037559
00:04.5,0.040911
00:04.5,0.042271
00:04.5,0.037789
00:04.6,0.03906
00:04.6,0.046635
00:04.6,0.043852
00:04.6,0.047912
00:04.6,0.040504
00:04.6,0.04454
00:04.6,0.042136
00:04.6,0.040949
00:04.6,0.042848
00:04.6,0.03882
00:04.6,0.044094
00:04.6,0.039358
00:04.6,0.03738
00:04.6,0.041239
00:04.6,0.039675
00:04.6,0.037902
00:04.6,0.043804
00:04.6,0.042737
00:04.6,0.040251
00:04.6,0.043033
00:04.6,0.043738
00:04.6,0.038917
00:04.6,0.034673
00:04.6,0.038988
00:04.6,0.043082
00:04.6,0.042747
00:04.6,0.044011
00:04.6,0.040337
00:04.6,0.042244
00:04.6,0.037893
00:04.6,0.033885
00:04.6,0.038694
00:04.6,0.043167
00:04.6,0.040022
00:04.6,0.037596
00:04.6,0.041237
00:04.6,0.043158
00:04.6,0.045918
00:04.6,0.041151
00:04.6,0.036567
00:04.6,0.043623
00:04.6,0.050381
00:04.6,0.041779
00:04.6,0.035603
00:04.6,0.039288
00:04.6,0.043255
00:04.6,0.043597
00:04.6,0.03239
00:04.6,0.041392
00:04.6,0.04108
00:04.6,0.03389
00:04.6,0.03579
00:04.6,0.039966
00:04.6,0.034914
00:04.6,0.037565
00:04.6,0.039187
00:04.6,0.044383
00:04.6,0.035697
00:04.6,0.03721
00:04.6,0.039039
00:04.6,0.040922
00:04.6,0.038278
00:04.6,0.041489
00:04.6,0.040353
00:04.6,0.040323
00:04.6,0.038065
00:04.6,0.038666
00:04.6,0.038046
00:04.6,0.037898
00:04.6,0.033329
00:04.6,0.036437
00:04.6,0.039616
00:04.6,0.037002
00:04.6,0.034947
00:04.6,0.035533
00:04.6,0.036977
00:04.6,0.035187
00:04.6,0.041538
00:04.6,0.037585
00:04.7,0.034115
00:04.7,0.042743
00:04.7,0.039043
00:04.7,0.040375
00:04.7,0.038579
00:04.7,0.037141
00:04.7,0.047781
00:04.7,0.036525
00:04.7,0.035366
00:04.7,0.041208
00:04.7,0.037969
00:04.7,0.03777
00:04.7,0.041963
00:04.7,0.033563
00:04.7,0.037024
00:04.7,0.037125
00:04.7,0.042623
00:04.7,0.033707
00:04.7,0.034237
00:04.7,0.038934
00:04.7,0.036273
00:04.7,0.038384
00:04.7,0.039343
00:04.7,0.040334
00:04.7,0.038771
00:04.7,0.034752
00:04.7,0.040329
00:04.7,0.033698
00:04.7,0.040739
00:04.7,0.034079
00:04.7,0.037736
00:04.7,0.036594
00:04.7,0.041216
00:04.7,0.040064
00:04.7,0.03348
00:04.7,0.03944
00:04.7,0.038052
00:04.7,0.039994
00:04.7,0.039211
00:04.7,0.036519
00:04.7,0.040349
00:04.7,0.035985
00:04.7,0.03161
00:04.7,0.035305
00:04.7,0.0371
00:04.7,0.036743
00:04.7,0.034755
00:04.7,0.033791
00:04.7,0.040698
00:04.7,0.039521
00:04.7,0.042467
00:04.7,0.036035
00:04.7,0.036366
00:04.7,0.039052
00:04.7,0.035686
00:04.7,0.044545
00:04.7,0.036473
00:04.7,0.034204
00:04.7,0.042984
00:04.7,0.035526
00:04.7,0.037016
00:04.7,0.041346
00:04.7,0.034556
00:04.7,0.038077
00:04.7,0.032445
00:04.7,0.039388
00:04.7,0.034742
00:04.7,0.040772
00:04.7,0.042735
00:04.7,0.040858
00:04.7,0.030968
00:04.7,0.036038
00:04.7,0.030023
00:04.7,0.033152
00:04.7,0.037555
00:04.7,0.035792
00:04.7,0.035421
00:04.7,0.038675
00:04.7,0.039703
00:04.8,0.03454
00:04.8,0.033536
00:04.8,0.037483
00:04.8,0.03733
00:04.8,0.035468
00:04.8,0.040648
00:04.8,0.036174
00:04.8,0.038406
00:04.8,0.034721
00:04.8,0.03603
00:04.8,0.036752
00:04.8,0.038272
00:04.8,0.03708
00:04.8,0.030433
00:04.8,0.036622
00:04.8,0.034168
00:04.8,0.033502
00:04.8,0.035883
00:04.8,0.036418
00:04.8,0.032317
00:04.8,0.036059
00:04.8,0.044944
00:04.8,0.036295
00:04.8,0.038538
00:04.8,0.036415
00:04.8,0.033658
00:04.8,0.035377
00:04.8,0.032261
00:04.8,0.032539
00:04.8,0.034574
00:04.8,0.036565
00:04.8,0.036744
00:04.8,0.033718
00:04.8,0.035533
00:04.8,0.0328
00:04.8,0.035037
00:04.8,0.038537
00:04.8,0.032597
00:04.8,0.033375
00:04.8,0.036609
00:04.8,0.034032
00:04.8,0.035108
00:04.8,0.037549
00:04.8,0.036968
00:04.8,0.030889
00:04.8,0.032412
00:04.8,0.039747
00:04.8,0.032873
00:04.8,0.034718
00:04.8,0.036836
00:04.8,0.036039
00:04.8,0.030999
00:04.8,0.030343
00:04.8,0.030761
00:04.8,0.033457
00:04.8,0.037002
00:04.8,0.036483
00:04.8,0.03824
00:04.8,0.029789
00:04.8,0.034764
00:04.8,0.039462
00:04.8,0.040703
00:04.8,0.031625
00:04.8,0.033143
00:04.8,0.036565
00:04.8,0.035722
00:04.8,0.029704
00:04.8,0.046656
00:04.8,0.035181
00:04.8,0.032363
00:04.8,0.030068
00:04.8,0.031377
00:04.8,0.033643
00:04.8,0.028697
00:04.8,0.035524
00:04.8,0.03419
00:04.8,0.034603
00:04.8,0.036948
00:04.8,0.041626
00:04.9,0.030151
00:04.9,0.031324
00:04.9,0.034934
00:04.9,0.037522
00:04.9,0.034076
00:04.9,0.037241
00:04.9,0.03844
00:04.9,0.031863
00:04.9,0.035906
00:04.9,0.031742
00:04.9,0.034663
00:04.9,0.033635
00:04.9,0.037479
00:04.9,0.035211
00:04.9,0.038862
00:04.9,0.036917
00:04.9,0.032847
00:04.9,0.033664
00:04.9,0.04006
00:04.9,0.034697
00:04.9,0.0328
00:04.9,0.02626
00:04.9,0.030276
00:04.9,0.03383
00:04.9,0.033182
00:04.9,0.034018
00:04.9,0.036074
00:04.9,0.032979
00:04.9,0.03159
00:04.9,0.036426
00:04.9,0.036319
00:04.9,0.03734
00:04.9,0.032929
00:04.9,0.035111
00:04.9,0.036249
00:04.9,0.037182
00:04.9,0.038275
00:04.9,0.032198
00:04.9,0.030268
00:04.9,0.038318
00:04.9,0.029733
00:04.9,0.035452
00:04.9,0.030797
00:04.9,0.034165
00:04.9,0.03181
00:04.9,0.036726
00:04.9,0.030466
00:04.9,0.035492
00:04.9,0.035883
00:04.9,0.031806
00:04.9,0.033444
00:04.9,0.032989
00:04.9,0.031777
00:04.9,0.031679
00:04.9,0.034026
00:04.9,0.032221
00:04.9,0.033579
00:04.9,0.035679
00:04.9,0.029488
00:04.9,0.030714
00:04.9,0.036729
00:04.9,0.030439
00:04.9,0.037789
00:04.9,0.03408
00:04.9,0.035594
00:04.9,0.036902
00:04.9,0.036046
00:04.9,0.032588
00:04.9,0.034331
00:04.9,0.036281
00:04.9,0.032281
00:04.9,0.036572
00:04.9,0.037801
00:04.9,0.032366
00:04.9,0.033164
00:04.9,0.03695
00:04.9,0.028162
00:04.9,0.028804
00:04.9,0.029714
00:04.9,0.030729
00:05.0,0.032681
00:05.0,0.028681
00:05.0,0.035737
00:05.0,0.034387
00:05.0,0.034965
00:05.0,0.04056
00:05.0,0.034907
00:05.0,0.031152
00:05.0,0.036538
00:05.0,0.032405
00:05.0,0.030339
00:05.0,0.030388
00:05.0,0.030668
00:05.0,0.034219
00:05.0,0.030274
00:05.0,0.025974
00:05.0,0.032092
00:05.0,0.038095
00:05.0,0.032517
00:05.0,0.034901
00:05.0,0.037334
00:05.0,0.041731
00:05.0,0.037952
00:05.0,0.031851
00:05.0,0.036014
00:05.0,0.032147
00:05.0,0.036208
00:05.0,0.031676
00:05.0,0.027377
00:05.0,0.030108
00:05.0,0.031449
00:05.0,0.032244
00:05.0,0.029848
00:05.0,0.032061
00:05.0,0.030041
00:05.0,0.027436
00:05.0,0.032252
00:05.0,0.034238
00:05.0,0.028567
